Player,Opposition,Ground,Inns,Runs
Babar Azam,v South Africa,Centurion,2,122
Ahmed Shehzad,v Bangladesh,Mirpur,1,111*
Babar Azam,v England,Karachi,2,110*
Mohammad Rizwan,v South Africa,Lahore,1,104*
Babar Azam,v New Zealand,Lahore,1,101*
Mohammad Hafeez,v New Zealand,Hamilton,1,99*
Ahmed Shehzad,v Zimbabwe,Harare,1,98*
Mohammad Rizwan,v New Zealand,Rawalpindi,1,98*
Babar Azam,v West Indies,Karachi,1,97*
Umar Akmal,v Australia,Mirpur,1,94
Mohammad Rizwan,v Zimbabwe,Harare,1,91*
Fakhar Zaman,v Australia,Harare,2,91
Babar Azam,v South Africa,Johannesburg,2,90
Sarfaraz Ahmed,v Scotland,Edinburgh,1,89*
Ahmed Shehzad,v World-XI,Lahore,1,89
Mohammad Rizwan,v New Zealand,Napier,2,89
Mohammad Rizwan,v England,Karachi,2,88*
Mohammad Rizwan,v England,Karachi,1,88
Misbah-ul-Haq,v Bangladesh,Karachi,1,87*
Babar Azam,v England,Lahore,1,87*
Mohammad Rizwan,v West Indies,Karachi,2,87
Mohammad Hafeez,v England,Manchester,1,86*
Mohammad Hafeez,v South Africa,Centurion,1,86
Babar Azam,v World-XI,Lahore,1,86
Babar Azam,v England,Nottingham,1,85
Mukhtar Ahmed,v Zimbabwe,Lahore,2,83
Mohammad Rizwan,v Zimbabwe,Harare,1,82*
Babar Azam,v Zimbabwe,Rawalpindi,2,82
Mohammad Rizwan,v India,Dubai (DSC),2,79*
Mohammad Rizwan,v Namibia,Abu Dhabi,1,79*
Babar Azam,v New Zealand,Christchurch,2,79*
Babar Azam,v New Zealand,Dubai (DSC),1,79
Babar Azam,v West Indies,Karachi,2,79
Mohammad Rizwan,v Hong Kong,Sharjah,1,78*
Mohammad Rizwan,v Bangladesh,Christchurch,1,78*
Mohammad Rizwan,v West Indies,Karachi,1,78
Sarfaraz Ahmed,v New Zealand,Dubai (DSC),2,76*
Mohammad Rizwan,v England,Manchester,1,76*
Shoaib Malik,v England,Sharjah,2,75
Mohammad Rizwan,v South Africa,Johannesburg,2,74*
Salman Butt,v Canada,King City (NW),1,74
Mohammad Rizwan,v South Africa,Centurion,2,73*
Kamran Akmal,v Bangladesh,Gros Islet,1,73
Salman Butt,v Bangladesh,Gros Islet,1,73
Fakhar Zaman,v Australia,Harare,1,73
Imran Nazir,v Bangladesh,Pallekele,2,72
Mohammad Hafeez,v Zimbabwe,Harare,1,71
Mohammad Rizwan,v India,Dubai (DSC),2,71
Ahmed Shehzad,v Zimbabwe,Harare,1,70
Babar Azam,v Namibia,Abu Dhabi,1,70
Mohammad Hafeez,v England,Manchester,1,69
Mohammad Rizwan,v Bangladesh,Christchurch,2,69
Babar Azam,v Australia,Abu Dhabi,1,68*
Babar Azam,v India,Dubai (DSC),2,68*
Haider Ali,v West Indies,Karachi,1,68
Mohammad Rizwan,v England,Karachi,1,68
Salman Butt,v New Zealand,Bridgetown,2,67*
Mohammad Hafeez,v Bangladesh,Lahore,2,67*
Mohammad Rizwan,v Australia,Dubai (DSC),1,67
Misbah-ul-Haq,v Australia,Johannesburg,2,66*
Babar Azam,v Bangladesh,Lahore,2,66*
Haider Ali,v Zimbabwe,Rawalpindi,2,66*
Babar Azam,v Scotland,Sharjah,1,66
Babar Azam,v Australia,Lahore,1,66
Shan Masood,v England,Karachi,2,65*
Babar Azam,v England,Cardiff,1,65
Imad Wasim,v Afghanistan,Sharjah,1,64*
Kamran Akmal,v Australia,Melbourne,2,64
Umar Akmal,v Australia,Birmingham,1,64
Umar Akmal,v South Africa,Cape Town,1,64
Mohammad Hafeez,v Bangladesh,Eden Gardens,1,64
Shoaib Malik,v U.A.E.,Mirpur,2,63*
Mohammad Hafeez,v South Africa,Cape Town,1,63
Hussain Talat,v West Indies,Karachi,1,63
Mohammad Rizwan,v England,Nottingham,1,63
Mohammad Rizwan,v England,Lahore,1,63
Iftikhar Ahmed,v Australia,Canberra,1,62*
Mukhtar Ahmed,v Zimbabwe,Lahore,2,62
Mohammad Hafeez,v India,Bengaluru,2,61
Mohammad Hafeez,v New Zealand,Auckland,1,61
Fakhar Zaman,v Zimbabwe,Harare,1,61
Fakhar Zaman,v South Africa,Centurion,2,60
Iftikhar Ahmed,v New Zealand,Lahore,2,60
Kamran Akmal,v Australia,Dubai (DSC),2,59*
Khalid Latif,v England,Manchester,2,59*
Babar Azam,v Australia,Sydney,1,59*
Imran Nazir,v New Zealand,Cape Town,2,59
Sharjeel Khan,v England,Manchester,2,59
Sarfaraz Ahmed,v Bangladesh,Mirpur,1,58*
Shoaib Malik,v Bangladesh,Lahore,2,58*
Imran Nazir,v New Zealand,Dubai (DSC),1,58
Shoaib Malik,v India,Bengaluru,2,57*
Fakhar Zaman,v Bangladesh,Mirpur,2,57*
Shoaib Malik,v Sri Lanka,Johannesburg,1,57
Kamran Akmal,v Ireland,The Oval,1,57
Mohammad Rizwan,v New Zealand,Sydney,2,57
Umar Akmal,v New Zealand,Dubai (DSC),1,56*
Umar Akmal,v Australia,Gros Islet,1,56*
Umar Akmal,v New Zealand,Hamilton,1,56*
Nasir Jamshed,v New Zealand,Pallekele,1,56
Babar Azam,v England,Manchester,1,56
Shan Masood,v England,Lahore,2,56
Babar Azam,v West Indies,Dubai (DSC),2,55*
Fakhar Zaman,v Australia,Dubai (DSC),1,55*
Nasir Jamshed,v Australia,Colombo (RPS),1,55
Mohammad Hafeez,v India,Ahmedabad,2,55
Ahmed Shehzad,v Zimbabwe,Lahore,2,55
Hussain Talat,v South Africa,Johannesburg,2,55
Mohammad Rizwan,v Sri Lanka,Dubai (DSC),2,55
Babar Azam,v Bangladesh,Christchurch,2,55
Shahid Afridi,v Sri Lanka,Lord's,2,54*
Mohammad Hafeez,v Zimbabwe,Harare,1,54*
Shoaib Malik,v Scotland,Sharjah,1,54*
Ahmed Shehzad,v New Zealand,Christchurch,1,54
Haider Ali,v England,Manchester,1,54
Mohammad Hafeez,v New Zealand,Dubai (DSC),1,53*
Misbah-ul-Haq,v India,Durban,2,53
Ahmed Shehzad,v West Indies,Port of Spain,2,53
Shoaib Malik,v Scotland,Edinburgh,1,53
Fakhar Zaman,v Hong Kong,Sharjah,1,53
Babar Azam,v New Zealand,Sydney,2,53
Shoaib Malik,v Australia,Johannesburg,2,52*
Shahid Afridi,v Sri Lanka,Hambantota,1,52*
Shan Masood,v India,Melbourne,1,52*
Ahmed Shehzad,v Bangladesh,Eden Gardens,1,52
Haris Sohail,v Sri Lanka,Lahore,2,52
Babar Azam,v Zimbabwe,Harare,1,52
Shadab Khan,v South Africa,Sydney,1,52
Younis Khan,v Sri Lanka,Johannesburg,1,51
Shahid Afridi,v South Africa,Nottingham,1,51
Umar Akmal,v South Africa,Gros Islet,1,51
Mohammad Hafeez,v Zimbabwe,Harare,1,51
Shoaib Malik,v Sri Lanka,Lahore,1,51
Babar Azam,v West Indies,Karachi,2,51
Babar Azam,v Zimbabwe,Rawalpindi,2,51
Mohammad Rizwan,v South Africa,Lahore,1,51
Babar Azam,v West Indies,Providence,1,51
Babar Azam,v Afghanistan,Dubai (DSC),2,51
Iftikhar Ahmed,v India,Melbourne,1,51
Iftikhar Ahmed,v South Africa,Sydney,1,51
Umar Akmal,v U.A.E.,Mirpur,2,50*
Babar Azam,v New Zealand,Auckland,1,50*
Shoaib Khan jnr,v Zimbabwe,King City (NW),2,50
Younis Khan,v Sri Lanka,Lord's,2,50
Shahid Afridi,v Sri Lanka,Colombo (RPS),1,50
Kamran Akmal,v Australia,Gros Islet,1,50
Sharjeel Khan,v Sri Lanka,Dubai (DSC),2,50
Fakhar Zaman,v New Zealand,Auckland,1,50
Babar Azam,v Australia,Dubai (DSC),1,50
Haris Sohail,v England,Cardiff,1,50
Babar Azam,v Australia,Canberra,1,50
Babar Azam,v South Africa,Johannesburg,1,50
Mohammad Rizwan,v New Zealand,Lahore,1,50
Shoaib Malik,v Scotland,Edinburgh,1,49*
Imran Nazir,v Bangladesh,Nairobi (Gym),1,49
Umar Akmal,v South Africa,Dubai (DSC),1,49
Shahid Afridi,v Bangladesh,Eden Gardens,1,49
Shoaib Malik,v South Africa,Cape Town,2,49
Mohammad Rizwan,v Netherlands,Perth,2,49
Saim Ayub,v Afghanistan,Sharjah,1,49
Misbah-ul-Haq,v Sri Lanka,Abu Dhabi,2,48*
Younis Khan,v Bangladesh,Nairobi (Gym),1,48
Umar Akmal,v Sri Lanka,Mirpur,2,48
Kamran Akmal,v West Indies,Port of Spain,1,48
Babar Azam,v World-XI,Lahore,1,48
Younis Khan,v Bangladesh,Karachi,1,47
Umar Amin,v West Indies,Kingstown,2,47
Sharjeel Khan,v New Zealand,Mohali,2,47
Fakhar Zaman,v Zimbabwe,Harare,2,47
Imad Wasim,v Sri Lanka,Lahore,2,47
Fakhar Zaman,v New Zealand,Lahore,1,47
Saim Ayub,v New Zealand,Lahore,1,47
Younis Khan,v England,The Oval,2,46*
Abdul Razzaq,v England,Dubai (DSC),2,46*
Umar Akmal,v West Indies,Kingstown,1,46*
Shoaib Malik,v Sri Lanka,Colombo (RPS),1,46*
Sarfaraz Ahmed,v West Indies,Dubai (DSC),1,46*
Mohammad Hafeez,v England,Bristol,2,46
Mohammad Hafeez,v New Zealand,Hamilton,2,46
Ahmed Shehzad,v South Africa,Centurion,1,46
Shahid Afridi,v West Indies,Kingstown,2,46
Ahmed Shehzad,v Sri Lanka,Colombo (RPS),1,46
Umar Akmal,v Sri Lanka,Colombo (RPS),1,46
Anwar Ali,v Sri Lanka,Colombo (RPS),2,46
Khalid Latif,v Australia,Mohali,2,46
Fakhar Zaman,v New Zealand,Mount Maunganui,1,46
Mohammad Rizwan,v West Indies,Providence,1,46
Mohammad Nawaz (3),v Bangladesh,Christchurch,2,45*
Mohammad Hafeez,v Australia,Dubai (DSC),1,45
Nasir Jamshed,v Australia,Dubai (DSC),1,45
Mohammad Hafeez,v Bangladesh,Pallekele,2,45
Shahid Afridi,v Sri Lanka,Colombo (RPS),2,45
Babar Azam,v World-XI,Lahore,1,45
Umar Amin,v Sri Lanka,Lahore,1,45
Babar Azam,v Australia,Dubai (DSC),1,45
Mohammad Hafeez,v New Zealand,Abu Dhabi,1,45
Iftikhar Ahmed,v Australia,Perth,1,45
Haider Ali,v Bangladesh,Mirpur,2,45
Salman Butt,v Sri Lanka,King City (NW),1,44
Ahmed Shehzad,v West Indies,Kingstown,1,44
Ahmed Shehzad,v New Zealand,Auckland,1,44
Hussain Talat,v Zimbabwe,Harare,2,44
Babar Azam,v South Africa,Lahore,2,44
Shan Masood,v Zimbabwe,Perth,2,44
Kamran Akmal,v Australia,Dubai (DSC),1,43*
Umar Akmal,v South Africa,Colombo (RPS),2,43*
Shoaib Malik,v West Indies,Abu Dhabi,2,43*
Shoaib Malik,v Australia,Harare,2,43*
Misbah-ul-Haq,v India,Johannesburg,2,43
Mohammad Hafeez,v New Zealand,Pallekele,1,43
Babar Azam,v West Indies,Port of Spain,1,43
Ahmed Shehzad,v World-XI,Lahore,1,43
Mohammad Rizwan,v India,Dubai (DSC),1,43
Shoaib Malik,v Sri Lanka,King City (NW),2,42*
Mohammad Hafeez,v Afghanistan,Sharjah,2,42*
Shoaib Malik,v Sri Lanka,Abu Dhabi,2,42*
Shoaib Malik,v Kenya,Nairobi (Gym),2,42
Mohammad Hafeez,v Sri Lanka,Colombo (RPS),2,42
Shadab Khan,v New Zealand,Auckland,1,42
Mohammad Rizwan,v South Africa,Lahore,2,42
Mohammad Nawaz (3),v India,Dubai (DSC),2,42
Asif Ali,v Zimbabwe,Harare,1,41*
Abdullah Shafique,v Zimbabwe,Rawalpindi,2,41*
Younis Khan,v Scotland,Durban,1,41
Kamran Akmal,v Netherlands,Lord's,1,41
Misbah-ul-Haq,v Australia,Gros Islet,2,41
Umar Akmal,v West Indies,Gros Islet,2,41
Nasir Jamshed,v India,Ahmedabad,2,41
Sohail Tanvir,v Sri Lanka,Dubai (DSC),2,41
Sarfaraz Ahmed,v New Zealand,Wellington,2,41
Shoaib Malik,v Bangladesh,Mirpur,1,41
Babar Azam,v New Zealand,Wellington,1,41
Sarfaraz Ahmed,v New Zealand,Auckland,1,41
Hussain Talat,v West Indies,Karachi,1,41
Mohammad Hafeez,v New Zealand,Napier,2,41
Babar Azam,v Zimbabwe,Harare,2,41
Shoaib Malik,v Australia,Mohali,2,40*
Imran Nazir,v Sri Lanka,Colombo (RPS),1,40
Khalid Latif,v West Indies,Dubai (DSC),1,40
Fakhar Zaman,v West Indies,Karachi,2,40
Mohammad Hafeez,v Australia,Dubai (DSC),1,40
Babar Azam,v New Zealand,Dubai (DSC),2,40
Hussain Talat,v South Africa,Cape Town,2,40
Mohammad Rizwan,v Bangladesh,Mirpur,2,40
Shahid Afridi,v Sri Lanka,Dubai (DSC),2,39*
Shahid Afridi,v Bangladesh,Cape Town,2,39
Shoaib Malik,v England,Dubai (DSC),1,39
Shoaib Malik,v New Zealand,Hamilton,1,39
Ahmed Shehzad,v World-XI,Lahore,1,39
Shoaib Malik,v World-XI,Lahore,1,39
Fakhar Zaman,v West Indies,Karachi,1,39
Mohammad Hafeez,v Australia,Abu Dhabi,1,39
Sahibzada Farhan,v Australia,Dubai (DSC),1,39
Babar Azam,v Australia,Dubai (DSC),1,39
Mohammad Rizwan,v Bangladesh,Mirpur,2,39
Umar Akmal,v Zimbabwe,Harare,1,38*
Shoaib Malik,v West Indies,Bridgetown,2,38*
Sarfaraz Ahmed,v Zimbabwe,Harare,2,38*
Mohammad Nawaz (3),v New Zealand,Christchurch,2,38*
Asad Shafiq,v Zimbabwe,Harare,1,38
Sarfaraz Ahmed,v Sri Lanka,Mirpur,2,38
Babar Azam,v West Indies,Port of Spain,2,38
Shoaib Malik,v World-XI,Lahore,1,38
Sarfaraz Ahmed,v West Indies,Karachi,1,38
Asif Ali,v New Zealand,Dubai (DSC),2,38
Babar Azam,v South Africa,Cape Town,2,38
Mohammad Rizwan,v West Indies,Karachi,1,38
Shan Masood,v England,Melbourne,1,38
Shoaib Malik,v West Indies,Karachi,1,37*
Shoaib Malik,v Zimbabwe,Harare,1,37*
Asif Ali,v Australia,Harare,1,37*
Kamran Akmal,v Sri Lanka,Lord's,2,37
Kamran Akmal,v South Africa,Gros Islet,1,37
Sohaib Maqsood,v South Africa,Dubai (DSC),2,37
Mukhtar Ahmed,v Bangladesh,Mirpur,1,37
Shoaib Malik,v West Indies,Dubai (DSC),1,37
Mohammad Rizwan,v England,Leeds,2,37
Khushdil Shah,v Zimbabwe,Rawalpindi,2,36*
Shadab Khan,v England,Leeds,2,36*
Younis Khan,v Netherlands,Lord's,1,36
Umar Akmal,v England,Dubai (DSC),2,36
Ahmed Shehzad,v Sri Lanka,Hambantota,2,36
Ahsan Ali,v Bangladesh,Lahore,2,36
Fakhar Zaman,v England,Manchester,1,36
Mohammad Hafeez,v Zimbabwe,Rawalpindi,2,36
Shadab Khan,v Afghanistan,Sharjah,2,36
Babar Azam,v England,Karachi,1,36
Iftikhar Ahmed,v New Zealand,Rawalpindi,1,36
Umar Akmal,v England,Cardiff,1,35*
Khushdil Shah,v Hong Kong,Sharjah,1,35*
Shoaib Malik,v Bangladesh,Karachi,1,35
Shahzaib Hasan,v New Zealand,The Oval,2,35
Ahmed Shehzad,v Afghanistan,Sharjah,2,35
Shoaib Malik,v Zimbabwe,Harare,1,35
Abdul Razzaq,v New Zealand,Christchurch,1,34*
Khalid Latif,v West Indies,Dubai (DSC),2,34*
Babar Azam,v Sri Lanka,Lahore,1,34*
Mohammad Hafeez,v New Zealand,Dubai (DSC),2,34*
Shoaib Malik,v South Africa,Nottingham,1,34
Salman Butt,v England,Bridgetown,1,34
Mohammad Hafeez,v New Zealand,Christchurch,1,34
Asad Shafiq,v England,Abu Dhabi,2,34
Sharjeel Khan,v Sri Lanka,Dubai (DSC),2,34
Sarfaraz Ahmed,v New Zealand,Abu Dhabi,1,34
Fakhar Zaman,v Bangladesh,Mirpur,2,34
Khushdil Shah,v Bangladesh,Mirpur,2,34
Shadab Khan,v New Zealand,Christchurch,2,34
Mohammad Rizwan,v New Zealand,Christchurch,2,34
Salman Butt,v Zimbabwe,King City (NW),2,33*
Mohammad Rizwan,v Zimbabwe,Harare,1,33*
Iftikhar Ahmed,v New Zealand,Lahore,1,33*
Salman Butt,v Bangladesh,Nairobi (Gym),1,33
Imran Nazir,v India,Johannesburg,2,33
Shoaib Malik,v England,Dubai (DSC),1,33
Shahid Afridi,v Australia,Gros Islet,2,33
Kamran Akmal,v Australia,Birmingham,1,33
Misbah-ul-Haq,v South Africa,Abu Dhabi,1,33
Asad Shafiq,v Sri Lanka,Abu Dhabi,2,33
Umar Akmal,v India,Mirpur,1,33
Ahmed Shehzad,v New Zealand,Dubai (DSC),2,33
Fakhar Zaman,v Scotland,Edinburgh,1,33
Mohammad Rizwan,v New Zealand,Sharjah,2,33
Mohammad Hafeez,v Australia,Dubai (DSC),1,32*
Mohammad Hafeez,v Namibia,Abu Dhabi,1,32*
Shahid Afridi,v Bangladesh,Nairobi (Gym),1,32
Mohammad Hafeez,v New Zealand,Cape Town,2,32
Salman Butt,v Australia,Gros Islet,1,32
Umar Gul,v South Africa,Colombo (RPS),2,32
Kamran Akmal,v Australia,Colombo (RPS),1,32
Mohammad Hafeez,v Sri Lanka,Dubai (DSC),2,32
Umar Akmal,v Australia,Mohali,2,32
Mohammad Hafeez,v South Africa,Johannesburg,1,32
Iftikhar Ahmed,v West Indies,Karachi,1,32
Iftikhar Ahmed,v Sri Lanka,Dubai (DSC),2,32
Mohammad Rizwan,v Bangladesh,Adelaide,2,32
Babar Azam,v England,Melbourne,1,32
Shadab Khan,v Afghanistan,Sharjah,1,32
Misbah-ul-Haq,v Kenya,Nairobi (Gym),2,31*
Misbah-ul-Haq,v Netherlands,Lord's,1,31*
Kamran Akmal,v Australia,Dubai (DSC),2,31*
Hussain Talat,v West Indies,Karachi,2,31*
Salman Butt,v Australia,Birmingham,1,31
Ahmed Shehzad,v India,Ahmedabad,2,31
Kamran Akmal,v Australia,Mirpur,1,31
Sharjeel Khan,v Sri Lanka,Mirpur,2,31
Fakhar Zaman,v Sri Lanka,Lahore,1,31
Mohammad Rizwan,v Australia,Sydney,1,31
Faheem Ashraf,v New Zealand,Auckland,1,31
Mohammad Hafeez,v Scotland,Sharjah,1,31
Haider Ali,v West Indies,Karachi,1,31
Babar Azam,v England,Karachi,1,31
Iftikhar Ahmed,v England,Lahore,1,31
Shan Masood,v Bangladesh,Christchurch,1,31
Haider Ali,v New Zealand,Christchurch,2,31
Mohammad Haris,v Bangladesh,Adelaide,2,31
Iftikhar Ahmed,v Afghanistan,Sharjah,1,31
Imad Wasim,v New Zealand,Rawalpindi,1,31
Wahab Riaz,v New Zealand,Auckland,1,30*
Haris Sohail,v Bangladesh,Mirpur,1,30*
Faheem Ashraf,v South Africa,Lahore,1,30*
Mohammad Nawaz (3),v West Indies,Karachi,1,30*
Shoaib Malik,v Netherlands,Lord's,1,30
Umar Akmal,v Sri Lanka,Colombo (RPS),1,30
Umar Akmal,v England,Bridgetown,1,30
Shahid Afridi,v South Africa,Gros Islet,1,30
Umar Gul,v New Zealand,Auckland,1,30
Umar Akmal,v New Zealand,Christchurch,1,30
Umar Akmal,v Zimbabwe,Lahore,2,30
Ahmed Shehzad,v New Zealand,Mohali,2,30
Sharjeel Khan,v Australia,Mohali,2,30
Hussain Talat,v Australia,Harare,1,30
Faheem Ashraf,v South Africa,Johannesburg,2,30
Fakhar Zaman,v Afghanistan,Dubai (DSC),2,30
Iftikhar Ahmed,v Afghanistan,Sharjah,2,30
Babar Azam,v Sri Lanka,Dubai (DSC),1,30
Mohammad Haris,v New Zealand,Sydney,2,30
Shahid Afridi,v New Zealand,The Oval,2,29*
Nasir Jamshed,v Bangladesh,Pallekele,2,29*
Umar Akmal,v Sri Lanka,Colombo (RPS),2,29*
Abdul Razzaq,v New Zealand,Bridgetown,2,29
Shahid Afridi,v England,Sharjah,2,29
Babar Azam,v West Indies,Bridgetown,2,29
Sarfaraz Ahmed,v New Zealand,Mount Maunganui,1,29
Shadab Khan,v Australia,Harare,1,29
Asif Ali,v Sri Lanka,Lahore,2,29
Khushdil Shah,v England,Karachi,2,29
Shadab Khan,v West Indies,Karachi,1,28*
Shahid Afridi,v England,Bristol,2,28
Salman Butt,v England,The Oval,2,28
Shoaib Malik,v Sri Lanka,Lord's,2,28
Fawad Alam,v England,Dubai (DSC),2,28
Umar Akmal,v Zimbabwe,Harare,1,28
Misbah-ul-Haq,v England,Abu Dhabi,2,28
Shoaib Malik,v India,Colombo (RPS),1,28
Umar Akmal,v Afghanistan,Sharjah,2,28
Shahid Afridi,v Sri Lanka,Dubai (DSC),2,28
Shahid Afridi,v New Zealand,Dubai (DSC),2,28
Ahmed Shehzad,v England,Dubai (DSC),2,28
Shoaib Malik,v West Indies,Port of Spain,1,28
Sarfaraz Ahmed,v Sri Lanka,Abu Dhabi,2,28
Sarfaraz Ahmed,v Australia,Harare,2,28
Iftikhar Ahmed,v India,Dubai (DSC),1,28
Iftikhar Ahmed,v England,Karachi,1,28
Mohammad Haris,v South Africa,Sydney,1,28
Mohammad Nawaz (3),v South Africa,Sydney,1,28
Shadab Khan,v Afghanistan,Sharjah,1,28
Imran Nazir,v Bangladesh,Cape Town,2,27*
Misbah-ul-Haq,v South Africa,Abu Dhabi,1,27*
Umar Akmal,v New Zealand,Dubai (DSC),2,27*
Babar Azam,v West Indies,Abu Dhabi,2,27*
Asif Ali,v New Zealand,Sharjah,2,27*
Shoaib Malik,v Sri Lanka,Hambantota,1,27
Babar Azam,v West Indies,Port of Spain,1,27
Fakhar Zaman,v World-XI,Lahore,1,27
Ahmed Shehzad,v Sri Lanka,Abu Dhabi,2,27
Shoaib Malik,v Australia,Harare,1,27
Babar Azam,v Sri Lanka,Lahore,2,27
Haider Ali,v Zimbabwe,Rawalpindi,2,27
Fakhar Zaman,v South Africa,Johannesburg,2,27
Khushdil Shah,v England,Lahore,2,27
Iftikhar Ahmed,v New Zealand,Christchurch,1,27
Faheem Ashraf,v New Zealand,Lahore,2,27
Shoaib Malik,v New Zealand,Cape Town,2,26*
Abdul Razzaq,v New Zealand,Dubai (DSC),1,26*
Misbah-ul-Haq,v England,Dubai (DSC),1,26*
Shoaib Malik,v New Zealand,Sharjah,2,26*
Kamran Akmal,v New Zealand,Dubai (DSC),1,26
Mohammad Yousuf,v England,Cardiff,1,26
Umar Akmal,v New Zealand,Hamilton,2,26
Sohaib Maqsood,v Zimbabwe,Harare,1,26
Shoaib Malik,v Bangladesh,Mirpur,1,26
Mohammad Hafeez,v Bangladesh,Mirpur,1,26
Sohaib Maqsood,v Zimbabwe,Harare,1,26
Shoaib Malik,v England,Dubai (DSC),2,26
Shoaib Malik,v India,Eden Gardens,1,26
Mohammad Rizwan,v South Africa,Centurion,1,26
Sarfaraz Ahmed,v Sri Lanka,Lahore,2,26
Fakhar Zaman,v England,Nottingham,1,26
Mohammad Nawaz (3),v Sri Lanka,Dubai (DSC),1,26
Abdul Razzaq,v Sri Lanka,Colombo (RPS),1,25*
Sohail Tanvir,v England,Dubai (DSC),2,25*
Mohammad Hafeez,v Sri Lanka,Abu Dhabi,2,25*
Asif Ali,v West Indies,Karachi,2,25*
Mohammad Nawaz (3),v South Africa,Centurion,2,25*
Asif Ali,v Afghanistan,Dubai (DSC),2,25*
Asif Ali,v New Zealand,Christchurch,1,25*
Iftikhar Ahmed,v New Zealand,Christchurch,2,25*
Mohammad Hafeez,v South Africa,Johannesburg,1,25
Umar Akmal,v Australia,Birmingham,1,25
Shahid Afridi,v South Africa,Abu Dhabi,1,25
Abdul Razzaq,v South Africa,Abu Dhabi,1,25
Asad Shafiq,v West Indies,Gros Islet,2,25
Mohammad Hafeez,v Bangladesh,Mirpur,1,25
Shahid Afridi,v England,Dubai (DSC),2,25
Imran Nazir,v New Zealand,Pallekele,1,25
Saad Nasim,v Australia,Dubai (DSC),1,25
Mohammad Hafeez,v England,Dubai (DSC),2,25
Sarfaraz Ahmed,v India,Mirpur,1,25
Ahmed Shehzad,v India,Eden Gardens,1,25
Asif Ali,v South Africa,Centurion,1,25
Iftikhar Ahmed,v Sri Lanka,Lahore,2,25
Babar Azam,v Bangladesh,Adelaide,2,25
Younis Khan,v South Africa,Nottingham,1,24*
Shoaib Malik,v Sri Lanka,Lord's,2,24*
Imad Wasim,v Sri Lanka,Colombo (RPS),2,24*
Shan Masood,v Bangladesh,Adelaide,2,24*
Younis Khan,v India,Johannesburg,2,24
Younis Khan,v Sri Lanka,King City (NW),2,24
Misbah-ul-Haq,v Australia,Dubai (DSC),2,24
Shahid Afridi,v Ireland,The Oval,1,24
Shahid Afridi,v New Zealand,Dubai (DSC),1,24
Mohammad Hafeez,v New Zealand,Auckland,1,24
Mohammad Hafeez,v Sri Lanka,Hambantota,1,24
Umar Akmal,v India,Ahmedabad,2,24
Sohaib Maqsood,v England,Dubai (DSC),2,24
Shahid Afridi,v England,Dubai (DSC),2,24
Mohammad Rizwan,v England,Sharjah,2,24
Umar Akmal,v New Zealand,Auckland,1,24
Umar Akmal,v New Zealand,Mohali,2,24
Wahab Riaz,v West Indies,Port of Spain,1,24
Ahmed Shehzad,v Scotland,Edinburgh,1,24
Asif Ali,v New Zealand,Abu Dhabi,1,24
Fakhar Zaman,v New Zealand,Dubai (DSC),2,24
Sarfaraz Ahmed,v Sri Lanka,Lahore,2,24
Babar Azam,v South Africa,Centurion,2,24
Mohammad Hafeez,v England,Nottingham,1,24
Fakhar Zaman,v England,Manchester,1,24
Khushdil Shah,v Australia,Lahore,1,24
Fawad Alam,v Sri Lanka,King City (NW),2,23*
Misbah-ul-Haq,v Sri Lanka,King City (NW),1,23*
Shahid Afridi,v Zimbabwe,Harare,1,23*
Misbah-ul-Haq,v Scotland,Durban,1,23
Mohammad Hafeez,v Bangladesh,Cape Town,2,23
Shahzaib Hasan,v Ireland,The Oval,1,23
Kamran Akmal,v South Africa,Nottingham,1,23
Fawad Alam,v England,Dubai (DSC),1,23
Kamran Akmal,v Australia,Birmingham,1,23
Rameez Raja (2),v Zimbabwe,Harare,1,23
Mohammad Hafeez,v England,Dubai (DSC),1,23
Awais Zia,v England,Abu Dhabi,2,23
Umar Akmal,v New Zealand,Pallekele,1,23
Nasir Jamshed,v Zimbabwe,Harare,1,23
Rafatullah Mohmand,v England,Dubai (DSC),2,23
Shahid Afridi,v New Zealand,Auckland,1,23
Hasan Ali,v New Zealand,Wellington,1,23
Babar Azam,v South Africa,Centurion,1,23
Mohammad Rizwan,v Australia,Lahore,1,23
Abdullah Shafique,v Afghanistan,Sharjah,1,23
Umar Akmal,v Zimbabwe,Harare,1,22*
Kamran Akmal,v Bangladesh,Pallekele,2,22*
Shadab Khan,v South Africa,Centurion,1,22*
Shahid Afridi,v Scotland,Durban,1,22
Shahid Afridi,v New Zealand,Dubai (DSC),1,22
Abdul Razzaq,v England,Dubai (DSC),1,22
Shahid Afridi,v Sri Lanka,Abu Dhabi,2,22
Umar Akmal,v England,Abu Dhabi,2,22
Imran Nazir,v Australia,Dubai (DSC),2,22
Abdul Razzaq,v Australia,Colombo (RPS),1,22
Ahmed Shehzad,v India,Mirpur,1,22
Shahid Afridi,v Bangladesh,Mirpur,1,22
Umar Akmal,v India,Eden Gardens,1,22
Sharjeel Khan,v West Indies,Dubai (DSC),2,22
Kamran Akmal,v West Indies,Bridgetown,2,22
Ahmed Shehzad,v Sri Lanka,Abu Dhabi,2,22
Asif Ali,v Australia,Harare,1,22
Mohammad Rizwan,v New Zealand,Hamilton,1,22
Danish Aziz,v Zimbabwe,Harare,2,22
Babar Azam,v England,Leeds,2,22
Babar Azam,v Bangladesh,Christchurch,1,22
Mohammad Nawaz (3),v Zimbabwe,Perth,2,22
Faheem Ashraf,v New Zealand,Lahore,1,22
Mohammad Amir,v Australia,Birmingham,1,21*
Saeed Ajmal,v West Indies,Gros Islet,2,21*
Misbah-ul-Haq,v Bangladesh,Mirpur,1,21*
Shadab Khan,v Bangladesh,Mirpur,2,21*
Asif Ali,v West Indies,Karachi,2,21*
Kamran Akmal,v South Africa,Johannesburg,1,21
Salman Butt,v Bangladesh,Cape Town,2,21
Shoaib Malik,v Bangladesh,Cape Town,2,21
Misbah-ul-Haq,v Sri Lanka,Lord's,2,21
Umar Akmal,v Australia,Melbourne,2,21
Shoaib Malik,v Australia,Birmingham,1,21
Shahzaib Hasan,v England,Cardiff,1,21
Hammad Azam,v England,Dubai (DSC),2,21
Umar Akmal,v India,Colombo (RPS),1,21
Ahmed Shehzad,v South Africa,Dubai (DSC),2,21
Sohaib Maqsood,v India,Mirpur,1,21
Wahab Riaz,v England,Dubai (DSC),2,21
Khalid Latif,v West Indies,Abu Dhabi,2,21
Fakhar Zaman,v West Indies,Port of Spain,1,21
Fakhar Zaman,v World-XI,Lahore,1,21
Umar Amin,v New Zealand,Mount Maunganui,1,21
Fakhar Zaman,v Scotland,Edinburgh,1,21
Faheem Ashraf,v Australia,Harare,1,21
Babar Azam,v England,Manchester,1,21
Fakhar Zaman,v Zimbabwe,Rawalpindi,2,21
Haider Ali,v South Africa,Lahore,1,21
Shan Masood,v England,Karachi,1,21
Babar Azam,v New Zealand,Christchurch,1,21
Shahid Afridi,v Australia,Mirpur,1,20*
Haris Sohail,v New Zealand,Mount Maunganui,1,20*
Hasan Ali,v South Africa,Lahore,2,20*
Mohammad Yousuf,v England,Bristol,2,20
Shoaib Malik,v India,Durban,2,20
Misbah-ul-Haq,v Sri Lanka,King City (NW),2,20
Shoaib Malik,v England,The Oval,2,20
Misbah-ul-Haq,v Ireland,The Oval,1,20
Fawad Alam,v England,Cardiff,1,20
Shahid Afridi,v New Zealand,Auckland,1,20
Umar Akmal,v Bangladesh,Mirpur,1,20
Imran Nazir,v Sri Lanka,Colombo (RPS),2,20
Saeed Ajmal,v Sri Lanka,Dubai (DSC),2,20
Awais Zia,v New Zealand,Dubai (DSC),2,20
Anwar Ali,v England,Dubai (DSC),2,20
Shoaib Malik,v New Zealand,Auckland,1,20
Kamran Akmal,v West Indies,Port of Spain,2,20
Iftikhar Ahmed,v South Africa,Lahore,1,20
Imad Wasim,v England,Leeds,2,20
Sharjeel Khan,v West Indies,Providence,1,20
Mohammad Rizwan,v Afghanistan,Sharjah,2,20
Fakhar Zaman,v Netherlands,Perth,2,20
Shadab Khan,v England,Melbourne,1,20
Shahid Afridi,v South Africa,Centurion,1,19*
Shoaib Malik,v Sri Lanka,King City (NW),1,19
Kamran Akmal,v New Zealand,The Oval,2,19
Shahzaib Hasan,v Sri Lanka,Lord's,2,19
Imran Nazir,v New Zealand,Dubai (DSC),1,19
Imran Farhat,v Sri Lanka,Abu Dhabi,2,19
Asad Shafiq,v Bangladesh,Mirpur,1,19
Asad Shafiq,v England,Dubai (DSC),1,19
Umar Akmal,v England,Dubai (DSC),2,19
Nasir Jamshed,v South Africa,Dubai (DSC),2,19
Nasir Jamshed,v South Africa,Cape Town,1,19
Mohammad Hafeez,v West Indies,Mirpur,2,19
Saad Nasim,v New Zealand,Dubai (DSC),2,19
Imad Wasim,v Zimbabwe,Harare,1,19
Umar Akmal,v England,Dubai (DSC),2,19
Sarfaraz Ahmed,v England,Dubai (DSC),2,19
Mohammad Hafeez,v New Zealand,Hamilton,1,19
Shahid Afridi,v New Zealand,Mohali,2,19
Babar Azam,v West Indies,Dubai (DSC),1,19
Ahmed Shehzad,v New Zealand,Mount Maunganui,1,19
Shoaib Malik,v New Zealand,Dubai (DSC),1,19
Imad Wasim,v South Africa,Centurion,1,19
Fakhar Zaman,v Zimbabwe,Rawalpindi,2,19
Imad Wasim,v New Zealand,Auckland,1,19
Sohaib Maqsood,v England,Nottingham,1,19
Shoaib Malik,v Afghanistan,Dubai (DSC),2,19
Babar Azam,v Bangladesh,Mirpur,2,19
Mohammad Nawaz (3),v England,Karachi,2,19
Iftikhar Ahmed,v England,Lahore,2,19
Shan Masood,v New Zealand,Christchurch,2,19
Babar Azam,v New Zealand,Rawalpindi,1,19
Imad Wasim,v England,Cardiff,1,18*
Mohammad Nawaz (3),v South Africa,Lahore,2,18*
Mohammad Nawaz (3),v Bangladesh,Mirpur,2,18*
Usman Qadir,v Australia,Lahore,1,18*
Mohammad Hafeez,v Scotland,Durban,1,18
Salman Butt,v Netherlands,Lord's,1,18
Umar Akmal,v Australia,Gros Islet,2,18
Mohammad Hafeez,v England,Bridgetown,1,18
Shahid Afridi,v Australia,Birmingham,1,18
Wahab Riaz,v New Zealand,Hamilton,2,18
Awais Zia,v England,Dubai (DSC),1,18
Nasir Jamshed,v South Africa,Johannesburg,2,18
Sharjeel Khan,v Afghanistan,Sharjah,2,18
Shoaib Malik,v India,Mirpur,1,18
Sohaib Maqsood,v West Indies,Mirpur,2,18
Shahid Afridi,v West Indies,Mirpur,2,18
Ahmed Shehzad,v Zimbabwe,Lahore,2,18
Nauman Anwar,v Zimbabwe,Lahore,2,18
Imad Wasim,v New Zealand,Auckland,1,18
Sohaib Maqsood,v New Zealand,Hamilton,1,18
Sharjeel Khan,v Bangladesh,Eden Gardens,1,18
Babar Azam,v New Zealand,Mount Maunganui,1,18
Hussain Talat,v Scotland,Edinburgh,1,18
Shoaib Malik,v Australia,Dubai (DSC),1,18
Shoaib Malik,v South Africa,Centurion,1,18
Sharjeel Khan,v Zimbabwe,Harare,1,18
Haider Ali,v England,Lahore,1,18
Imad Wasim,v Afghanistan,Sharjah,1,18
Abdul Razzaq,v England,Bristol,2,17*
Naved-ul-Hasan,v South Africa,Johannesburg,1,17*
Fawad Alam,v New Zealand,Dubai (DSC),1,17*
Sohail Tanvir,v Zimbabwe,Harare,1,17*
Shoaib Malik,v World-XI,Lahore,1,17*
Shoaib Malik,v West Indies,Karachi,1,17*
Asif Ali,v Australia,Harare,2,17*
Hasan Ali,v Australia,Abu Dhabi,1,17*
Faheem Ashraf,v Australia,Dubai (DSC),1,17*
Iftikhar Ahmed,v Sri Lanka,Lahore,2,17*
Yasir Arafat,v Scotland,Durban,1,17
Salman Butt,v India,Durban,2,17
Shahid Afridi,v Sri Lanka,Johannesburg,1,17
Misbah-ul-Haq,v Canada,King City (NW),1,17
Umar Akmal,v England,Cardiff,1,17
Zulqarnain Haider,v South Africa,Abu Dhabi,1,17
Mohammad Hafeez,v Australia,Dubai (DSC),2,17
Nasir Jamshed,v Australia,Dubai (DSC),2,17
Ahmed Shehzad,v Bangladesh,Mirpur,1,17
Mohammad Hafeez,v Sri Lanka,Colombo (RPS),1,17
Mohammad Rizwan,v Sri Lanka,Colombo (RPS),2,17
Ahmed Shehzad,v Zimbabwe,Harare,1,17
Mohammad Hafeez,v Zimbabwe,Harare,1,17
Sharjeel Khan,v India,Eden Gardens,1,17
Babar Azam,v West Indies,Karachi,1,17
Hussain Talat,v Scotland,Edinburgh,1,17
Shadab Khan,v Scotland,Edinburgh,1,17
Fakhar Zaman,v South Africa,Centurion,1,17
Faheem Ashraf,v England,Cardiff,1,17
Sarfaraz Ahmed,v Sri Lanka,Lahore,2,17
Mohammad Hafeez,v Bangladesh,Lahore,2,17
Mohammad Rizwan,v New Zealand,Auckland,1,17
Shadab Khan,v Zimbabwe,Perth,2,17
Saim Ayub,v Afghanistan,Sharjah,1,17
Fakhar Zaman,v New Zealand,Lahore,2,17
Misbah-ul-Haq,v Sri Lanka,Johannesburg,1,16*
Misbah-ul-Haq,v New Zealand,Cape Town,2,16*
Fawad Alam,v Bangladesh,Karachi,1,16*
Shahid Afridi,v England,Cardiff,1,16*
Shadab Khan,v Sri Lanka,Abu Dhabi,2,16*
Faheem Ashraf,v West Indies,Karachi,1,16*
Shoaib Malik,v England,Bristol,2,16
Kamran Akmal,v Scotland,Durban,1,16
Salman Butt,v Australia,Dubai (DSC),2,16
Fawad Alam,v Australia,Gros Islet,2,16
Umar Gul,v England,Cardiff,1,16
Imran Farhat,v Bangladesh,Mirpur,1,16
Wahab Riaz,v Australia,Dubai (DSC),1,16
Mohammad Rizwan,v Zimbabwe,Harare,1,16
Rafatullah Mohmand,v England,Dubai (DSC),2,16
Ahmed Shehzad,v New Zealand,Auckland,1,16
Sarfaraz Ahmed,v Zimbabwe,Harare,1,16
Haris Sohail,v Zimbabwe,Harare,2,16
Iftikhar Ahmed,v Bangladesh,Lahore,2,16
Khushdil Shah,v New Zealand,Auckland,1,16
Shahnawaz Dahani,v India,Dubai (DSC),1,16
Asif Ali,v India,Dubai (DSC),2,16
Asif Ali,v Afghanistan,Sharjah,2,16
Mohammad Nawaz (3),v New Zealand,Christchurch,2,16
Mohammad Rizwan,v New Zealand,Christchurch,1,16
Shaheen Shah Afridi,v India,Melbourne,1,16
Tayyab Tahir,v Afghanistan,Sharjah,1,16
Imad Wasim,v New Zealand,Lahore,1,16
Shadab Khan,v New Zealand,Lahore,2,16
Abdul Razzaq,v Ireland,The Oval,1,15*
Shoaib Malik,v Bangladesh,Eden Gardens,1,15*
Shoaib Malik,v New Zealand,Mohali,2,15*
Babar Azam,v England,Manchester,2,15*
Imad Wasim,v World-XI,Lahore,1,15*
Aamer Yamin,v New Zealand,Mount Maunganui,1,15*
Hasan Ali,v England,Manchester,1,15*
Shoaib Malik,v South Africa,Johannesburg,1,15
Kamran Akmal,v India,Durban,2,15
Mohammad Hafeez,v Australia,Johannesburg,2,15
Yasir Arafat,v India,Johannesburg,2,15
Fawad Alam,v New Zealand,Dubai (DSC),1,15
Salman Butt,v Australia,Gros Islet,2,15
Kamran Akmal,v England,Bridgetown,1,15
Ahmed Shehzad,v New Zealand,Hamilton,2,15
Misbah-ul-Haq,v Zimbabwe,Harare,1,15
Yasir Arafat,v Australia,Dubai (DSC),2,15
Mohammad Hafeez,v South Africa,Colombo (RPS),2,15
Mohammad Hafeez,v India,Colombo (RPS),1,15
Shoaib Malik,v South Africa,Dubai (DSC),2,15
Sohaib Maqsood,v Sri Lanka,Dubai (DSC),2,15
Mohammad Hafeez,v India,Mirpur,1,15
Shoaib Malik,v Zimbabwe,Harare,1,15
Imad Wasim,v World-XI,Lahore,1,15
Shadab Khan,v England,Manchester,1,15
Hussain Talat,v South Africa,Lahore,1,15
Khushdil Shah,v South Africa,Lahore,1,15
Haider Ali,v South Africa,Lahore,2,15
Danish Aziz,v Zimbabwe,Harare,1,15
Sohaib Maqsood,v England,Leeds,2,15
Fakhar Zaman,v West Indies,Providence,1,15
Mohammad Rizwan,v Scotland,Sharjah,1,15
Fakhar Zaman,v India,Dubai (DSC),2,15
Iftikhar Ahmed,v England,Lahore,1,15
Babar Azam,v New Zealand,Christchurch,2,15
Mohammad Rizwan,v England,Melbourne,1,15
Mohammad Haris,v Afghanistan,Sharjah,1,15
Imad Wasim,v New Zealand,Abu Dhabi,1,14*
Iftikhar Ahmed,v New Zealand,Napier,2,14*
Khushdil Shah,v India,Dubai (DSC),2,14*
Naseem Shah,v Afghanistan,Sharjah,2,14*
Shahid Afridi,v Sri Lanka,King City (NW),1,14
Shoaib Malik,v Sri Lanka,Colombo (RPS),1,14
Imran Farhat,v England,Dubai (DSC),1,14
Mohammad Hafeez,v England,Cardiff,1,14
Umar Akmal,v South Africa,Abu Dhabi,1,14
Mohammad Hafeez,v South Africa,Abu Dhabi,1,14
Ahmed Shehzad,v New Zealand,Auckland,1,14
Abdul Razzaq,v New Zealand,Hamilton,2,14
Shahid Afridi,v New Zealand,Christchurch,1,14
Imran Nazir,v South Africa,Colombo (RPS),2,14
Shahid Afridi,v India,Colombo (RPS),1,14
Imran Nazir,v Australia,Colombo (RPS),1,14
Umar Amin,v Zimbabwe,Harare,1,14
Shahid Afridi,v South Africa,Dubai (DSC),2,14
Sohail Tanvir,v West Indies,Mirpur,2,14
Umar Akmal,v Zimbabwe,Harare,1,14
Shoaib Malik,v New Zealand,Wellington,2,14
Mohammad Hafeez,v Sri Lanka,Mirpur,2,14
Shahid Afridi,v Australia,Mohali,2,14
Ahmed Shehzad,v West Indies,Port of Spain,1,14
Mohammad Hafeez,v Sri Lanka,Abu Dhabi,2,14
Asif Ali,v West Indies,Karachi,1,14
Ahmed Shehzad,v Scotland,Edinburgh,1,14
Sarfaraz Ahmed,v Scotland,Edinburgh,1,14
Sarfaraz Ahmed,v Australia,Harare,1,14
Fakhar Zaman,v Australia,Abu Dhabi,1,14
Shoaib Malik,v Australia,Dubai (DSC),1,14
Fakhar Zaman,v South Africa,Johannesburg,2,14
Mohammad Rizwan,v Australia,Canberra,1,14
Imam-ul-Haq,v Australia,Perth,1,14
Shoaib Malik,v England,Manchester,1,14
Khushdil Shah,v New Zealand,Hamilton,1,14
Babar Azam,v South Africa,Johannesburg,2,14
Haider Ali,v South Africa,Johannesburg,2,14
Babar Azam,v India,Dubai (DSC),2,14
Mohammad Rizwan,v Sri Lanka,Dubai (DSC),1,14
Shan Masood,v New Zealand,Christchurch,1,14
Mohammad Rizwan,v Zimbabwe,Perth,2,14
Saeed Ajmal,v England,Bridgetown,1,13*
Zulfiqar Babar,v West Indies,Kingstown,2,13*
Mohammad Hafeez,v South Africa,Johannesburg,2,13*
Shahid Afridi,v South Africa,Cape Town,1,13*
Raza Hasan,v Australia,Dubai (DSC),1,13*
Bilawal Bhatti,v Zimbabwe,Lahore,2,13*
Imad Wasim,v Zimbabwe,Harare,1,13*
Shoaib Malik,v Sri Lanka,Mirpur,2,13*
Faheem Ashraf,v Sri Lanka,Lahore,1,13*
Haris Rauf,v India,Dubai (DSC),1,13*
Asif Ali,v England,Karachi,1,13*
Salman Butt,v Scotland,Durban,1,13
Younis Khan,v Canada,King City (NW),1,13
Shahid Afridi,v Netherlands,Lord's,1,13
Kamran Akmal,v New Zealand,Dubai (DSC),1,13
Umar Akmal,v England,Dubai (DSC),1,13
Shoaib Malik,v England,Dubai (DSC),2,13
Misbah-ul-Haq,v England,Bridgetown,1,13
Khalid Latif,v Australia,Gros Islet,1,13
Salman Butt,v Australia,Birmingham,1,13
Mohammad Hafeez,v South Africa,Abu Dhabi,1,13
Mohammad Hafeez,v Sri Lanka,Abu Dhabi,2,13
Misbah-ul-Haq,v England,Dubai (DSC),2,13
Umar Akmal,v Australia,Dubai (DSC),1,13
Abdul Razzaq,v Australia,Dubai (DSC),2,13
Nasir Jamshed,v South Africa,Centurion,1,13
Mohammad Hafeez,v West Indies,Kingstown,2,13
Sohaib Maqsood,v Sri Lanka,Dubai (DSC),2,13
Mohammad Hafeez,v Australia,Mirpur,1,13
Anwar Ali,v Bangladesh,Mirpur,1,13
Ahmed Shehzad,v West Indies,Bridgetown,2,13
Shadab Khan,v West Indies,Port of Spain,1,13
Shoaib Malik,v Australia,Harare,1,13
Asif Ali,v South Africa,Cape Town,2,13
Babar Azam,v Sri Lanka,Lahore,2,13
Ahmed Shehzad,v Sri Lanka,Lahore,2,13
Khushdil Shah,v New Zealand,Napier,2,13
Mohammad Hafeez,v South Africa,Johannesburg,2,13
Fakhar Zaman,v Zimbabwe,Harare,1,13
Mohammad Rizwan,v Zimbabwe,Harare,2,13
Sohaib Maqsood,v England,Manchester,1,13
Iftikhar Ahmed,v Australia,Lahore,1,13
Fakhar Zaman,v Sri Lanka,Dubai (DSC),1,13
Iftikhar Ahmed,v Sri Lanka,Dubai (DSC),1,13
Haris Rauf,v Sri Lanka,Dubai (DSC),2,13
Iftikhar Ahmed,v Bangladesh,Christchurch,1,13
Tayyab Tahir,v Afghanistan,Sharjah,1,13
Imad Wasim,v Afghanistan,Sharjah,1,13
Yasir Arafat,v India,Durban,2,12*
Abdul Razzaq,v South Africa,Nottingham,1,12*
Shoaib Malik,v Zimbabwe,Harare,2,12*
Wahab Riaz,v Sri Lanka,Lahore,2,12*
Mohammad Wasim (1),v Zimbabwe,Perth,2,12*
Mohammad Hafeez,v Kenya,Nairobi (Gym),2,12
Salman Butt,v Sri Lanka,Johannesburg,1,12
Sohail Tanvir,v India,Johannesburg,2,12
Kamran Akmal,v Sri Lanka,King City (NW),1,12
Fawad Alam,v Sri Lanka,Lord's,2,12
Sohail Tanvir,v New Zealand,Dubai (DSC),1,12
Mohammad Hafeez,v Australia,Gros Islet,2,12
Abdul Razzaq,v Australia,Gros Islet,1,12
Shoaib Malik,v Australia,Birmingham,1,12
Ahmed Shehzad,v West Indies,Gros Islet,2,12
Shahid Afridi,v West Indies,Gros Islet,2,12
Shoaib Malik,v England,Dubai (DSC),2,12
Umar Akmal,v Sri Lanka,Hambantota,2,12
Shahid Afridi,v New Zealand,Pallekele,1,12
Shoaib Malik,v South Africa,Colombo (RPS),2,12
Umar Gul,v India,Colombo (RPS),1,12
Shoaib Malik,v South Africa,Dubai (DSC),1,12
Shahid Afridi,v Bangladesh,Mirpur,1,12
Mohammad Hafeez,v Zimbabwe,Lahore,2,12
Sarfaraz Ahmed,v West Indies,Port of Spain,1,12
Khushdil Shah,v South Africa,Lahore,1,12
Haider Ali,v South Africa,Johannesburg,1,12
Hasan Ali,v South Africa,Johannesburg,1,12
Fakhar Zaman,v West Indies,Karachi,2,12
Mohammad Nawaz (3),v England,Lahore,1,12
Shan Masood,v Netherlands,Perth,2,12
Shadab Khan,v Afghanistan,Sharjah,1,12
Inzamam-ul-Haq,v England,Bristol,2,11*
Abdul Razzaq,v South Africa,Gros Islet,1,11*
Mohammad Amir,v Australia,Birmingham,1,11*
Yasir Shah,v Zimbabwe,Harare,1,11*
Zulfiqar Babar,v West Indies,Kingstown,1,11*
Sarfaraz Ahmed,v New Zealand,Mohali,2,11*
Khushdil Shah,v Zimbabwe,Rawalpindi,2,11*
Kamran Akmal,v Bangladesh,Nairobi (Gym),1,11
Shoaib Malik,v Scotland,Durban,1,11
Salman Butt,v Australia,Johannesburg,2,11
Kamran Akmal,v Sri Lanka,King City (NW),2,11
Shahid Afridi,v New Zealand,Bridgetown,2,11
Kamran Akmal,v England,Cardiff,1,11
Abdul Razzaq,v England,Cardiff,1,11
Shoaib Malik,v Zimbabwe,Harare,1,11
Shahid Afridi,v India,Ahmedabad,2,11
Umar Akmal,v South Africa,Centurion,1,11
Umar Akmal,v South Africa,Dubai (DSC),2,11
Haris Sohail,v New Zealand,Dubai (DSC),2,11
Sohail Tanvir,v New Zealand,Dubai (DSC),2,11
Mohammad Hafeez,v Sri Lanka,Colombo (RPS),2,11
Mohammad Hafeez,v U.A.E.,Mirpur,2,11
Sharjeel Khan,v West Indies,Abu Dhabi,2,11
Fakhar Zaman,v Sri Lanka,Abu Dhabi,2,11
Fakhar Zaman,v Australia,Dubai (DSC),1,11
Fakhar Zaman,v New Zealand,Dubai (DSC),1,11
Hasan Ali,v South Africa,Cape Town,2,11
Asif Ali,v Australia,Sydney,1,11
Imad Wasim,v Australia,Canberra,1,11
Haider Ali,v New Zealand,Napier,2,11
Babar Azam,v England,Manchester,1,11
Fakhar Zaman,v New Zealand,Sharjah,2,11
Mohammad Hafeez,v New Zealand,Sharjah,2,11
Imad Wasim,v New Zealand,Sharjah,2,11
Mohammad Rizwan,v Bangladesh,Mirpur,2,11
Haider Ali,v England,Karachi,1,11
Haris Rauf,v New Zealand,Lahore,1,11
Kamran Akmal,v Sri Lanka,Johannesburg,1,10*
Anwar Ali,v Zimbabwe,Harare,1,10*
Sohail Tanvir,v England,Sharjah,2,10*
Faheem Ashraf,v New Zealand,Abu Dhabi,1,10*
Shaheen Shah Afridi,v New Zealand,Auckland,1,10*
Imad Wasim,v New Zealand,Hamilton,1,10*
Haider Ali,v New Zealand,Christchurch,2,10*
Abdul Razzaq,v South Africa,Johannesburg,1,10
Shoaib Malik,v Bangladesh,Nairobi (Gym),1,10
Mohammad Hafeez,v Sri Lanka,Johannesburg,1,10
Imran Nazir,v Australia,Johannesburg,2,10
Shahid Afridi,v Bangladesh,Karachi,1,10
Misbah-ul-Haq,v England,The Oval,2,10
Younis Khan,v Ireland,The Oval,1,10
Umar Gul,v Australia,Melbourne,2,10
Abdul Razzaq,v England,Bridgetown,1,10
Umar Gul,v Australia,Birmingham,1,10
Imran Farhat,v South Africa,Abu Dhabi,1,10
Umar Gul,v England,Dubai (DSC),2,10
Nasir Jamshed,v Australia,Dubai (DSC),2,10
Hammad Azam,v West Indies,Kingstown,2,10
Mohammad Hafeez,v West Indies,Kingstown,1,10
Shahid Afridi,v South Africa,Dubai (DSC),1,10
Abdul Razzaq,v South Africa,Dubai (DSC),1,10
Bilawal Bhatti,v Sri Lanka,Dubai (DSC),2,10
Ahmed Shehzad,v Australia,Dubai (DSC),1,10
Umar Akmal,v New Zealand,Dubai (DSC),2,10
Khurram Manzoor,v India,Mirpur,1,10
Sharjeel Khan,v Bangladesh,Mirpur,1,10
Hussain Talat,v Zimbabwe,Harare,1,10
Hussain Talat,v Australia,Harare,1,10
Shoaib Malik,v New Zealand,Dubai (DSC),2,10
Haider Ali,v South Africa,Lahore,1,10
Faheem Ashraf,v South Africa,Lahore,2,10
Mohammad Hafeez,v South Africa,Centurion,2,10
Mohammad Hafeez,v England,Leeds,2,10
Mohammad Hafeez,v Afghanistan,Dubai (DSC),2,10
Fakhar Zaman,v West Indies,Karachi,1,10
Fakhar Zaman,v West Indies,Karachi,1,10
Hasan Ali,v Australia,Lahore,1,10
Babar Azam,v India,Dubai (DSC),1,10
Fakhar Zaman,v India,Dubai (DSC),1,10
Shadab Khan,v India,Dubai (DSC),1,10
Aamer Jamal,v England,Lahore,1,10
Tayyab Tahir,v Afghanistan,Sharjah,1,10
Saim Ayub,v New Zealand,Lahore,2,10
Umar Gul,v Sri Lanka,Lord's,2,9*
Yasir Arafat,v England,Dubai (DSC),1,9*
Shoaib Malik,v Australia,Dubai (DSC),2,9*
Shoaib Malik,v New Zealand,Pallekele,1,9*
Umar Akmal,v Australia,Colombo (RPS),1,9*
Shoaib Malik,v West Indies,Port of Spain,2,9*
Mohammad Amir,v Australia,Perth,1,9*
Hasan Ali,v South Africa,Johannesburg,2,9*
Mohammad Wasim (1),v Afghanistan,Sharjah,1,9*
Shoaib Khan jnr,v Canada,King City (NW),1,9
Shoaib Malik,v Canada,King City (NW),1,9
Shahid Afridi,v Bangladesh,Gros Islet,1,9
Shahzaib Hasan,v South Africa,Abu Dhabi,1,9
Imran Farhat,v South Africa,Abu Dhabi,1,9
Fawad Alam,v New Zealand,Auckland,1,9
Asad Shafiq,v Zimbabwe,Harare,1,9
Shoaib Malik,v Sri Lanka,Hambantota,2,9
Mohammad Hafeez,v Australia,Dubai (DSC),2,9
Umar Akmal,v West Indies,Kingstown,2,9
Ahmed Shehzad,v South Africa,Johannesburg,2,9
Ahmed Shehzad,v South Africa,Cape Town,1,9
Kamran Akmal,v Bangladesh,Mirpur,1,9
Mohammad Hafeez,v New Zealand,Dubai (DSC),2,9
Ahmed Shehzad,v New Zealand,Hamilton,1,9
Shoaib Malik,v Sri Lanka,Abu Dhabi,2,9
Haris Sohail,v New Zealand,Wellington,1,9
Sarfaraz Ahmed,v New Zealand,Wellington,1,9
Hussain Talat,v Australia,Abu Dhabi,1,9
Asif Ali,v Australia,Dubai (DSC),1,9
Wahab Riaz,v New Zealand,Auckland,1,9
Mohammad Nawaz (3),v Zimbabwe,Harare,1,9
Babar Azam,v New Zealand,Sharjah,2,9
Asif Ali,v West Indies,Karachi,1,9
Asif Ali,v India,Dubai (DSC),1,9
Babar Azam,v Hong Kong,Sharjah,1,9
Babar Azam,v England,Lahore,1,9
Asif Ali,v England,Lahore,1,9
Mohammad Nawaz (3),v England,Lahore,2,9
Mohammad Nawaz (3),v India,Melbourne,1,9
Babar Azam,v New Zealand,Lahore,1,9
Umar Gul,v England,The Oval,2,8*
Misbah-ul-Haq,v Bangladesh,Gros Islet,1,8*
Shoaib Akhtar,v New Zealand,Auckland,1,8*
Sarfaraz Ahmed,v India,Eden Gardens,1,8*
Iftikhar Ahmed,v England,Manchester,1,8*
Fakhar Zaman,v South Africa,Centurion,2,8*
Mohammad Hasnain,v Sri Lanka,Dubai (DSC),2,8*
Mohammad Nawaz (3),v Bangladesh,Christchurch,1,8*
Zaman Khan,v Afghanistan,Sharjah,1,8*
Shoaib Malik,v India,Johannesburg,2,8
Imran Farhat,v Australia,Melbourne,2,8
Shahid Afridi,v England,Dubai (DSC),2,8
Mohammad Hafeez,v New Zealand,Bridgetown,2,8
Shahid Afridi,v Australia,Gros Islet,1,8
Asad Shafiq,v New Zealand,Christchurch,1,8
Shahid Afridi,v Bangladesh,Mirpur,1,8
Imran Nazir,v India,Colombo (RPS),1,8
Yasir Arafat,v India,Colombo (RPS),1,8
Sohail Tanvir,v Sri Lanka,Colombo (RPS),2,8
Umar Amin,v Sri Lanka,Dubai (DSC),2,8
Ahmed Shehzad,v Sri Lanka,Dubai (DSC),2,8
Kamran Akmal,v India,Mirpur,1,8
Shahid Afridi,v India,Mirpur,1,8
Mohammad Hafeez,v Bangladesh,Mirpur,1,8
Sohail Tanvir,v Bangladesh,Mirpur,1,8
Shahid Afridi,v Sri Lanka,Colombo (RPS),1,8
Shoaib Malik,v Sri Lanka,Colombo (RPS),2,8
Imad Wasim,v New Zealand,Hamilton,1,8
Ahmed Shehzad,v New Zealand,Wellington,2,8
Shahid Afridi,v New Zealand,Wellington,2,8
Anwar Ali,v New Zealand,Wellington,2,8
Mohammad Sami,v India,Mirpur,1,8
Shahid Afridi,v India,Eden Gardens,1,8
Fakhar Zaman,v World-XI,Lahore,1,8
Faheem Ashraf,v New Zealand,Mount Maunganui,1,8
Shoaib Malik,v New Zealand,Abu Dhabi,1,8
Faheem Ashraf,v South Africa,Cape Town,2,8
Faheem Ashraf,v Sri Lanka,Lahore,2,8
Haris Sohail,v Australia,Perth,1,8
Khushdil Shah,v Australia,Perth,1,8
Haider Ali,v New Zealand,Hamilton,1,8
Sharjeel Khan,v South Africa,Johannesburg,1,8
Fakhar Zaman,v England,Leeds,2,8
Mohammad Rizwan,v Afghanistan,Dubai (DSC),2,8
Fakhar Zaman,v Scotland,Sharjah,1,8
Shadab Khan,v Sri Lanka,Dubai (DSC),2,8
Mohammad Rizwan,v England,Karachi,2,8
Babar Azam,v England,Karachi,2,8
Haris Rauf,v England,Lahore,1,8
Shadab Khan,v New Zealand,Christchurch,1,8
Haider Ali,v New Zealand,Christchurch,1,8
Mohammad Haris,v England,Melbourne,1,8
Mohammad Rizwan,v New Zealand,Lahore,1,8
Abdur Rehman,v South Africa,Dubai (DSC),1,7*
Saeed Ajmal,v South Africa,Dubai (DSC),2,7*
Umar Akmal,v South Africa,Johannesburg,2,7*
Shadab Khan,v South Africa,Cape Town,2,7*
Shaheen Shah Afridi,v South Africa,Johannesburg,1,7*
Shahid Afridi,v South Africa,Johannesburg,1,7
Imran Nazir,v India,Durban,2,7
Shahid Afridi,v India,Durban,2,7
Imran Nazir,v Sri Lanka,Johannesburg,1,7
Shahid Afridi,v Canada,King City (NW),1,7
Salman Butt,v Sri Lanka,King City (NW),2,7
Shoaib Malik,v New Zealand,Dubai (DSC),1,7
Khalid Latif,v South Africa,Gros Islet,1,7
Abdul Razzaq,v Australia,Birmingham,1,7
Shahid Afridi,v New Zealand,Hamilton,2,7
Abdur Rehman,v West Indies,Gros Islet,2,7
Shoaib Malik,v Zimbabwe,Harare,1,7
Sohail Tanvir,v Zimbabwe,Harare,1,7
Shahid Afridi,v England,Dubai (DSC),1,7
Shoaib Malik,v South Africa,Centurion,1,7
Umar Amin,v West Indies,Kingstown,1,7
Mohammad Hafeez,v Sri Lanka,Dubai (DSC),2,7
Shoaib Malik,v Zimbabwe,Lahore,2,7
Shoaib Malik,v Zimbabwe,Lahore,2,7
Shahid Afridi,v Zimbabwe,Lahore,2,7
Ahmed Shehzad,v Sri Lanka,Colombo (RPS),2,7
Ahmed Shehzad,v Zimbabwe,Harare,1,7
Mohammad Hafeez,v England,Dubai (DSC),2,7
Shahid Afridi,v New Zealand,Hamilton,1,7
Sharjeel Khan,v India,Mirpur,1,7
Mohammad Nawaz (3),v New Zealand,Wellington,1,7
Faheem Ashraf,v New Zealand,Wellington,1,7
Mohammad Hafeez,v Zimbabwe,Harare,1,7
Shadab Khan,v Australia,Harare,1,7
Babar Azam,v New Zealand,Abu Dhabi,1,7
Fakhar Zaman,v England,Cardiff,1,7
Imam-ul-Haq,v England,Cardiff,1,7
Imad Wasim,v Sri Lanka,Lahore,2,7
Wahab Riaz,v Sri Lanka,Lahore,2,7
Haider Ali,v Zimbabwe,Rawalpindi,2,7
Asif Ali,v South Africa,Lahore,2,7
Faheem Ashraf,v South Africa,Centurion,2,7
Babar Azam,v Bangladesh,Mirpur,2,7
Iftikhar Ahmed,v West Indies,Karachi,1,7
Babar Azam,v West Indies,Karachi,1,7
Shan Masood,v England,Karachi,1,7
Shan Masood,v England,Lahore,1,7
Shadab Khan,v England,Lahore,1,7
Mohammad Haris,v England,Lahore,1,7
Asif Ali,v England,Lahore,2,7
Younis Khan,v New Zealand,The Oval,2,6*
Abdul Razzaq,v Bangladesh,Gros Islet,1,6*
Saeed Ajmal,v Australia,Birmingham,1,6*
Shoaib Malik,v Australia,Mirpur,1,6*
Sohail Tanvir,v England,Dubai (DSC),2,6*
Hasan Ali,v New Zealand,Auckland,1,6*
Imad Wasim,v England,Manchester,1,6*
Haider Ali,v Bangladesh,Mirpur,2,6*
Mohammad Hasnain,v England,Karachi,2,6*
Mohammad Wasim (1),v England,Lahore,1,6*
Haris Rauf,v India,Melbourne,1,6*
Iftikhar Ahmed,v Netherlands,Perth,2,6*
Ihsanullah,v Afghanistan,Sharjah,1,6*
Shahid Afridi,v New Zealand,Cape Town,2,6
Shoaib Khan jnr,v Sri Lanka,King City (NW),2,6
Kamran Akmal,v England,The Oval,2,6
Shoaib Malik,v New Zealand,Dubai (DSC),1,6
Khalid Latif,v Australia,Melbourne,2,6
Kamran Akmal,v England,Cardiff,1,6
Shahzaib Hasan,v South Africa,Abu Dhabi,1,6
Asad Shafiq,v New Zealand,Hamilton,2,6
Wahab Riaz,v West Indies,Gros Islet,2,6
Sohail Tanvir,v Bangladesh,Mirpur,1,6
Awais Zia,v England,Dubai (DSC),2,6
Ahmed Shehzad,v Sri Lanka,Hambantota,1,6
Shoaib Malik,v Sri Lanka,Colombo (RPS),2,6
Nasir Jamshed,v West Indies,Kingstown,2,6
Shahid Afridi,v West Indies,Kingstown,1,6
Sohail Tanvir,v South Africa,Dubai (DSC),2,6
Mohammad Rizwan,v Zimbabwe,Lahore,2,6
Sohaib Maqsood,v Zimbabwe,Harare,1,6
Mohammad Rizwan,v England,Dubai (DSC),2,6
Fakhar Zaman,v Sri Lanka,Abu Dhabi,2,6
Fakhar Zaman,v West Indies,Karachi,1,6
Fakhar Zaman,v Australia,Harare,1,6
Mohammad Nawaz (3),v Australia,Harare,1,6
Shoaib Malik,v South Africa,Johannesburg,2,6
Imad Wasim,v South Africa,Johannesburg,2,6
Asif Ali,v Sri Lanka,Lahore,2,6
Shadab Khan,v Sri Lanka,Lahore,2,6
Fakhar Zaman,v Sri Lanka,Lahore,2,6
Haris Sohail,v Australia,Canberra,1,6
Babar Azam,v Australia,Perth,1,6
Imad Wasim,v Australia,Perth,1,6
Imad Wasim,v Bangladesh,Lahore,2,6
Haris Rauf,v Zimbabwe,Harare,2,6
Mohammad Hafeez,v West Indies,Providence,1,6
Sarfaraz Ahmed,v Bangladesh,Mirpur,2,6
Iftikhar Ahmed,v Bangladesh,Mirpur,2,6
Mohammad Nawaz (3),v Sri Lanka,Dubai (DSC),2,6
Iftikhar Ahmed,v England,Karachi,2,6
Haider Ali,v Bangladesh,Christchurch,1,6
Babar Azam,v South Africa,Sydney,1,6
Mohammad Haris,v Afghanistan,Sharjah,1,6
Mohammad Rizwan,v New Zealand,Lahore,2,6
Shaheen Shah Afridi,v New Zealand,Lahore,2,6
Fawad Alam,v Zimbabwe,King City (NW),2,5*
Misbah-ul-Haq,v Sri Lanka,Colombo (RPS),1,5*
Mohammad Asif,v Australia,Melbourne,2,5*
Yasir Arafat,v England,Dubai (DSC),2,5*
Mohammad Sami,v Australia,Gros Islet,2,5*
Shoaib Akhtar,v New Zealand,Hamilton,2,5*
Raza Hasan,v Australia,Dubai (DSC),2,5*
Mohammad Hafeez,v India,Eden Gardens,1,5*
Mohammad Amir,v Sri Lanka,Lahore,2,5*
Mohammad Rizwan,v Bangladesh,Lahore,2,5*
Khushdil Shah,v Zimbabwe,Rawalpindi,2,5*
Azam Khan,v England,Nottingham,1,5*
Asif Ali,v Scotland,Sharjah,1,5*
Khushdil Shah,v England,Karachi,1,5*
Mohammad Hasnain,v England,Lahore,2,5*
Naseem Shah,v South Africa,Sydney,1,5*
Shaheen Shah Afridi,v England,Melbourne,1,5*
Mohammad Nawaz (3),v Afghanistan,Sharjah,1,5*
Imran Nazir,v South Africa,Johannesburg,1,5
Zulqarnain Haider,v South Africa,Johannesburg,1,5
Shahid Afridi,v Zimbabwe,King City (NW),2,5
Shahid Afridi,v England,The Oval,2,5
Kamran Akmal,v Sri Lanka,Lord's,2,5
Abdul Razzaq,v New Zealand,The Oval,2,5
Sarfaraz Ahmed,v England,Dubai (DSC),1,5
Kamran Akmal,v New Zealand,Bridgetown,2,5
Umar Akmal,v South Africa,Abu Dhabi,1,5
Younis Khan,v New Zealand,Christchurch,1,5
Mohammad Salman,v West Indies,Gros Islet,2,5
Umar Gul,v Sri Lanka,Hambantota,2,5
Saeed Ajmal,v Sri Lanka,Hambantota,2,5
Umar Akmal,v Sri Lanka,Hambantota,1,5
Kamran Akmal,v India,Colombo (RPS),1,5
Ahmed Shehzad,v India,Bengaluru,2,5
Kamran Akmal,v India,Ahmedabad,2,5
Umar Gul,v India,Ahmedabad,2,5
Sohaib Maqsood,v Afghanistan,Sharjah,2,5
Umar Akmal,v Sri Lanka,Dubai (DSC),2,5
Ahmed Shehzad,v Australia,Mirpur,1,5
Sohaib Maqsood,v Australia,Mirpur,1,5
Anwar Ali,v Australia,Dubai (DSC),1,5
Umar Akmal,v New Zealand,Wellington,2,5
Mohammad Hafeez,v West Indies,Bridgetown,2,5
Fakhar Zaman,v West Indies,Port of Spain,1,5
Fakhar Zaman,v Zimbabwe,Rawalpindi,2,5
Babar Azam,v South Africa,Lahore,1,5
Hussain Talat,v South Africa,Lahore,2,5
Faheem Ashraf,v South Africa,Johannesburg,1,5
Asif Ali,v South Africa,Centurion,2,5
Mohammad Hafeez,v Zimbabwe,Harare,1,5
Haider Ali,v Zimbabwe,Harare,1,5
Mohammad Hafeez,v Zimbabwe,Harare,2,5
Sohaib Maqsood,v West Indies,Providence,1,5
Shadab Khan,v West Indies,Providence,1,5
Fakhar Zaman,v Namibia,Abu Dhabi,1,5
Mohammad Wasim (1),v West Indies,Karachi,1,5
Fakhar Zaman,v Afghanistan,Sharjah,2,5
Babar Azam,v Sri Lanka,Dubai (DSC),2,5
Asif Ali,v England,Lahore,1,5
Mohammad Wasim (1),v England,Lahore,2,5
Shadab Khan,v India,Melbourne,1,5
Iftikhar Ahmed,v Zimbabwe,Perth,2,5
Mohammad Nawaz (3),v England,Melbourne,1,5
Shadab Khan,v New Zealand,Lahore,1,5
Abdur Rehman,v South Africa,Johannesburg,1,4*
Mohammad Asif,v India,Johannesburg,2,4*
Shoaib Malik,v Ireland,The Oval,1,4*
Umar Gul,v Bangladesh,Mirpur,1,4*
Mohammad Sami,v Sri Lanka,Hambantota,2,4*
Saeed Ajmal,v South Africa,Colombo (RPS),2,4*
Shoaib Malik,v Australia,Colombo (RPS),1,4*
Shahid Afridi,v Zimbabwe,Lahore,2,4*
Imad Wasim,v Zimbabwe,Lahore,2,4*
Mohammad Sami,v Australia,Mohali,2,4*
Sarfaraz Ahmed,v West Indies,Bridgetown,2,4*
Mohammad Hasnain,v Australia,Perth,1,4*
Usman Qadir,v South Africa,Lahore,1,4*
Mohammad Nawaz (3),v Bangladesh,Mirpur,2,4*
Shadab Khan,v Netherlands,Perth,2,4*
Imran Nazir,v Scotland,Durban,1,4
Younis Khan,v Australia,Johannesburg,2,4
Younis Khan,v New Zealand,Cape Town,2,4
Ahmed Shehzad,v Australia,Dubai (DSC),2,4
Ahmed Shehzad,v England,The Oval,2,4
Yasir Arafat,v England,The Oval,2,4
Shoaib Malik,v New Zealand,The Oval,2,4
Khalid Latif,v England,Dubai (DSC),1,4
Imran Nazir,v England,Dubai (DSC),2,4
Saeed Ajmal,v Australia,Gros Islet,2,4
Mohammad Yousuf,v England,Cardiff,1,4
Shoaib Akhtar,v England,Cardiff,1,4
Abdul Razzaq,v South Africa,Abu Dhabi,1,4
Saeed Ajmal,v South Africa,Abu Dhabi,1,4
Nasir Jamshed,v India,Colombo (RPS),1,4
Mohammad Hafeez,v Australia,Colombo (RPS),1,4
Shahid Afridi,v Australia,Colombo (RPS),1,4
Nasir Jamshed,v Sri Lanka,Colombo (RPS),2,4
Sohaib Maqsood,v South Africa,Dubai (DSC),1,4
Ahmed Shehzad,v Sri Lanka,Dubai (DSC),2,4
Umar Gul,v West Indies,Mirpur,2,4
Umar Akmal,v Zimbabwe,Lahore,2,4
Mukhtar Ahmed,v Sri Lanka,Colombo (RPS),2,4
Umar Akmal,v Sri Lanka,Colombo (RPS),2,4
Mukhtar Ahmed,v Zimbabwe,Harare,1,4
Ahmed Shehzad,v England,Sharjah,2,4
Umar Akmal,v England,Sharjah,2,4
Mohammad Rizwan,v New Zealand,Wellington,2,4
Wahab Riaz,v New Zealand,Wellington,2,4
Mohammad Hafeez,v India,Mirpur,1,4
Shoaib Malik,v India,Mirpur,1,4
Wahab Riaz,v India,Mirpur,1,4
Sharjeel Khan,v U.A.E.,Mirpur,2,4
Umar Akmal,v Bangladesh,Mirpur,1,4
Imad Wasim,v West Indies,Port of Spain,1,4
Sohail Tanvir,v West Indies,Port of Spain,1,4
Ahmed Shehzad,v West Indies,Port of Spain,1,4
Sarfaraz Ahmed,v World-XI,Lahore,1,4
Faheem Ashraf,v Sri Lanka,Abu Dhabi,2,4
Sarfaraz Ahmed,v Australia,Harare,1,4
Asif Ali,v Australia,Dubai (DSC),1,4
Fakhar Zaman,v South Africa,Cape Town,2,4
Imad Wasim,v South Africa,Cape Town,2,4
Faheem Ashraf,v South Africa,Centurion,1,4
Ahmed Shehzad,v Sri Lanka,Lahore,2,4
Haris Sohail,v Australia,Sydney,1,4
Asif Ali,v Australia,Canberra,1,4
Shadab Khan,v New Zealand,Hamilton,1,4
Faheem Ashraf,v New Zealand,Hamilton,1,4
Iftikhar Ahmed,v South Africa,Lahore,1,4
Faheem Ashraf,v South Africa,Lahore,1,4
Usman Qadir,v South Africa,Johannesburg,1,4
Mohammad Nawaz (3),v Afghanistan,Sharjah,2,4
Khushdil Shah,v Sri Lanka,Dubai (DSC),1,4
Naseem Shah,v Sri Lanka,Dubai (DSC),2,4
Mohammad Nawaz (3),v England,Karachi,1,4
Haris Rauf,v England,Karachi,2,4
Haider Ali,v England,Lahore,1,4
Babar Azam,v England,Lahore,2,4
Asif Ali,v Bangladesh,Christchurch,1,4
Mohammad Rizwan,v New Zealand,Christchurch,2,4
Mohammad Rizwan,v India,Melbourne,1,4
Babar Azam,v Zimbabwe,Perth,2,4
Babar Azam,v Netherlands,Perth,2,4
Mohammad Rizwan,v South Africa,Sydney,1,4
Mohammad Nawaz (3),v Bangladesh,Adelaide,2,4
Mohammad Wasim (1),v England,Melbourne,1,4
Fawad Alam,v Kenya,Nairobi (Gym),2,3*
Kamran Akmal,v Bangladesh,Cape Town,2,3*
Fawad Alam,v Netherlands,Lord's,1,3*
Junaid Khan,v West Indies,Gros Islet,2,3*
Shahid Afridi,v India,Bengaluru,2,3*
Shoaib Malik,v India,Ahmedabad,2,3*
Zulfiqar Babar,v West Indies,Mirpur,2,3*
Sarfaraz Ahmed,v Zimbabwe,Lahore,2,3*
Anwar Ali,v England,Dubai (DSC),2,3*
Shadab Khan,v West Indies,Port of Spain,1,3*
Sarfaraz Ahmed,v West Indies,Port of Spain,2,3*
Hasan Ali,v Sri Lanka,Abu Dhabi,2,3*
Imad Wasim,v Australia,Dubai (DSC),1,3*
Mohammad Nawaz (3),v South Africa,Lahore,1,3*
Shan Masood,v New Zealand,Sydney,2,3*
Sohail Tanvir,v Sri Lanka,Lord's,2,3
Umar Akmal,v New Zealand,Dubai (DSC),1,3
Shoaib Malik,v Australia,Melbourne,2,3
Mohammad Amir,v England,Bridgetown,1,3
Misbah-ul-Haq,v New Zealand,Bridgetown,2,3
Misbah-ul-Haq,v South Africa,Gros Islet,1,3
Abdul Razzaq,v Australia,Birmingham,1,3
Shahzaib Hasan,v England,Cardiff,1,3
Shoaib Akhtar,v South Africa,Abu Dhabi,1,3
Shahid Afridi,v South Africa,Abu Dhabi,1,3
Younis Khan,v New Zealand,Hamilton,2,3
Mohammad Hafeez,v West Indies,Gros Islet,2,3
Shahid Afridi,v England,Abu Dhabi,2,3
Khalid Latif,v Sri Lanka,Hambantota,2,3
Umar Gul,v Australia,Dubai (DSC),2,3
Kamran Akmal,v New Zealand,Pallekele,1,3
Yasir Arafat,v South Africa,Colombo (RPS),2,3
Ahmed Shehzad,v West Indies,Kingstown,2,3
Mohammad Hafeez,v Zimbabwe,Harare,1,3
Awais Zia,v Australia,Dubai (DSC),1,3
Haris Sohail,v New Zealand,Dubai (DSC),2,3
Umar Akmal,v England,Dubai (DSC),2,3
Umar Akmal,v India,Mirpur,1,3
Khalid Latif,v New Zealand,Mohali,2,3
Sarfaraz Ahmed,v West Indies,Port of Spain,1,3
Fakhar Zaman,v New Zealand,Wellington,1,3
Mohammad Amir,v New Zealand,Wellington,1,3
Hussain Talat,v South Africa,Centurion,1,3
Asif Ali,v England,Cardiff,1,3
Babar Azam,v Sri Lanka,Lahore,2,3
Imad Wasim,v Sri Lanka,Lahore,2,3
Haider Ali,v New Zealand,Auckland,1,3
Hussain Talat,v South Africa,Lahore,1,3
Haider Ali,v South Africa,Centurion,2,3
Imad Wasim,v England,Nottingham,1,3
Imad Wasim,v England,Manchester,1,3
Asif Ali,v Australia,Lahore,1,3
Usman Qadir,v Sri Lanka,Dubai (DSC),1,3
Haider Ali,v England,Karachi,2,3
Haris Rauf,v South Africa,Sydney,1,3
Imad Wasim,v New Zealand,Lahore,2,3
Yasir Arafat,v Bangladesh,Nairobi (Gym),1,2*
Umar Gul,v Sri Lanka,King City (NW),1,2*
Abdur Rehman,v South Africa,Gros Islet,1,2*
Shoaib Malik,v Sri Lanka,Abu Dhabi,2,2*
Hammad Azam,v England,Abu Dhabi,2,2*
Abdul Razzaq,v Australia,Dubai (DSC),1,2*
Umar Gul,v Sri Lanka,Colombo (RPS),2,2*
Mohammad Irfan,v South Africa,Dubai (DSC),2,2*
Usman Shinwari,v Sri Lanka,Dubai (DSC),2,2*
Wahab Riaz,v New Zealand,Auckland,1,2*
Sohail Tanvir,v West Indies,Port of Spain,1,2*
Asif Ali,v New Zealand,Dubai (DSC),1,2*
Hasan Ali,v South Africa,Centurion,2,2*
Usman Qadir,v Zimbabwe,Harare,1,2*
Mohammad Wasim (1),v Australia,Lahore,1,2*
Iftikhar Ahmed,v India,Dubai (DSC),2,2*
Asif Ali,v Bangladesh,Christchurch,2,2*
Misbah-ul-Haq,v Bangladesh,Nairobi (Gym),1,2
Younis Khan,v India,Durban,2,2
Kamran Akmal,v Canada,King City (NW),1,2
Sohail Tanvir,v Sri Lanka,King City (NW),2,2
Fawad Alam,v Sri Lanka,King City (NW),1,2
Mohammad Amir,v New Zealand,Dubai (DSC),1,2
Imran Nazir,v England,Dubai (DSC),1,2
Mohammad Amir,v Australia,Gros Islet,2,2
Abdur Rehman,v New Zealand,Bridgetown,2,2
Salman Butt,v South Africa,Gros Islet,1,2
Shahid Afridi,v England,Cardiff,1,2
Younis Khan,v New Zealand,Auckland,1,2
Shoaib Malik,v Bangladesh,Mirpur,1,2
Yasir Arafat,v Sri Lanka,Hambantota,1,2
Umar Akmal,v Australia,Dubai (DSC),2,2
Nasir Jamshed,v India,Bengaluru,2,2
Nasir Jamshed,v Zimbabwe,Harare,1,2
Shoaib Malik,v West Indies,Mirpur,2,2
Shahid Afridi,v Australia,Dubai (DSC),1,2
Mohammad Hafeez,v New Zealand,Dubai (DSC),2,2
Anwar Ali,v New Zealand,Dubai (DSC),2,2
Anwar Ali,v Zimbabwe,Lahore,2,2
Mukhtar Ahmed,v Sri Lanka,Colombo (RPS),1,2
Shahid Afridi,v Zimbabwe,Harare,1,2
Shahid Afridi,v Zimbabwe,Harare,1,2
Sohaib Maqsood,v England,Dubai (DSC),2,2
Sarfaraz Ahmed,v New Zealand,Auckland,1,2
Mohammad Hafeez,v New Zealand,Wellington,2,2
Shahid Afridi,v India,Mirpur,1,2
Mohammad Hafeez,v Bangladesh,Mirpur,1,2
Sarfaraz Ahmed,v Australia,Mohali,2,2
Sharjeel Khan,v West Indies,Dubai (DSC),1,2
Shoaib Malik,v West Indies,Port of Spain,1,2
Imad Wasim,v Sri Lanka,Abu Dhabi,2,2
Asif Ali,v Australia,Abu Dhabi,1,2
Mohammad Rizwan,v South Africa,Cape Town,2,2
Asif Ali,v South Africa,Johannesburg,2,2
Fakhar Zaman,v Australia,Canberra,1,2
Faheem Ashraf,v New Zealand,Napier,2,2
Mohammad Nawaz (3),v South Africa,Johannesburg,1,2
Babar Azam,v Zimbabwe,Harare,1,2
Fakhar Zaman,v Zimbabwe,Harare,2,2
Faheem Ashraf,v Zimbabwe,Harare,2,2
Shaheen Shah Afridi,v England,Leeds,2,2
Shadab Khan,v England,Manchester,1,2
Khushdil Shah,v India,Dubai (DSC),1,2
Khushdil Shah,v Sri Lanka,Dubai (DSC),2,2
Khushdil Shah,v England,Karachi,1,2
Haider Ali,v India,Melbourne,1,2
Asif Ali,v India,Melbourne,1,2
Shan Masood,v South Africa,Sydney,1,2
Faheem Ashraf,v Afghanistan,Sharjah,1,2
Naseem Shah,v Afghanistan,Sharjah,1,2
Imad Wasim,v New Zealand,Lahore,1,2
Shoaib Akhtar,v Bangladesh,Nairobi (Gym),1,1*
Saeed Ajmal,v Australia,Melbourne,2,1*
Umar Gul,v England,Dubai (DSC),1,1*
Saeed Ajmal,v South Africa,Abu Dhabi,1,1*
Saeed Ajmal,v Zimbabwe,Harare,1,1*
Shahid Afridi,v Afghanistan,Sharjah,2,1*
Sohaib Maqsood,v Bangladesh,Mirpur,1,1*
Mohammad Irfan,v Australia,Dubai (DSC),1,1*
Mohammad Irfan,v Sri Lanka,Colombo (RPS),2,1*
Umar Gul,v New Zealand,Auckland,1,1*
Mohammad Amir,v New Zealand,Wellington,2,1*
Umar Akmal,v West Indies,Dubai (DSC),1,1*
Sohail Khan,v World-XI,Lahore,1,1*
Asif Ali,v Scotland,Edinburgh,1,1*
Imad Wasim,v Australia,Dubai (DSC),1,1*
Mohammad Rizwan,v South Africa,Johannesburg,2,1*
Iftikhar Ahmed,v Australia,Sydney,1,1*
Mohammad Wasim (1),v West Indies,Providence,1,1*
Mohammad Hafeez,v Australia,Dubai (DSC),1,1*
Iftikhar Ahmed,v West Indies,Karachi,2,1*
Mohammad Nawaz (3),v England,Karachi,1,1*
Haris Rauf,v England,Lahore,2,1*
Mohammad Wasim (1),v New Zealand,Christchurch,1,1*
Haris Rauf,v England,Melbourne,1,1*
Faheem Ashraf,v New Zealand,Rawalpindi,1,1*
Younis Khan,v South Africa,Johannesburg,1,1
Younis Khan,v Bangladesh,Cape Town,2,1
Misbah-ul-Haq,v Bangladesh,Cape Town,2,1
Mohammad Hafeez,v India,Johannesburg,2,1
Salman Butt,v Bangladesh,Karachi,1,1
Shahid Afridi,v Sri Lanka,King City (NW),2,1
Fawad Alam,v Australia,Melbourne,2,1
Naved-ul-Hasan,v Australia,Melbourne,2,1
Abdul Razzaq,v Australia,Gros Islet,2,1
Fawad Alam,v England,Bridgetown,1,1
Mohammad Hafeez,v South Africa,Gros Islet,1,1
Zulqarnain Haider,v South Africa,Abu Dhabi,1,1
Abdul Razzaq,v New Zealand,Auckland,1,1
Saeed Ajmal,v New Zealand,Auckland,1,1
Rameez Raja (2),v Zimbabwe,Harare,1,1
Asad Shafiq,v England,Dubai (DSC),2,1
Shahid Afridi,v Sri Lanka,Hambantota,2,1
Sohail Tanvir,v Sri Lanka,Hambantota,2,1
Khalid Latif,v Sri Lanka,Hambantota,1,1
Imran Nazir,v Australia,Dubai (DSC),2,1
Saeed Ajmal,v Australia,Dubai (DSC),2,1
Kamran Akmal,v South Africa,Colombo (RPS),2,1
Saeed Ajmal,v India,Colombo (RPS),1,1
Kamran Akmal,v Sri Lanka,Colombo (RPS),2,1
Kamran Akmal,v India,Bengaluru,2,1
Kamran Akmal,v South Africa,Centurion,1,1
Umar Gul,v South Africa,Centurion,1,1
Haris Sohail,v West Indies,Kingstown,1,1
Hammad Azam,v West Indies,Kingstown,1,1
Umar Akmal,v West Indies,Mirpur,2,1
Saeed Ajmal,v West Indies,Mirpur,2,1
Umar Akmal,v Australia,Dubai (DSC),1,1
Sarfaraz Ahmed,v New Zealand,Dubai (DSC),2,1
Sohail Tanvir,v Sri Lanka,Colombo (RPS),2,1
Sarfaraz Ahmed,v England,Dubai (DSC),2,1
Mohammad Hafeez,v England,Sharjah,2,1
Sarfaraz Ahmed,v New Zealand,Hamilton,1,1
Mohammad Amir,v India,Mirpur,1,1
Khurram Manzoor,v Bangladesh,Mirpur,1,1
Ahmed Shehzad,v Australia,Mohali,2,1
Wahab Riaz,v West Indies,Port of Spain,1,1
Babar Azam,v Sri Lanka,Abu Dhabi,2,1
Babar Azam,v Sri Lanka,Abu Dhabi,2,1
Asif Ali,v West Indies,Karachi,1,1
Shadab Khan,v Australia,Abu Dhabi,1,1
Sahibzada Farhan,v New Zealand,Abu Dhabi,1,1
Hasan Ali,v South Africa,Johannesburg,2,1
Mohammad Amir,v Sri Lanka,Lahore,2,1
Mohammad Hasnain,v Sri Lanka,Lahore,2,1
Asif Ali,v Sri Lanka,Lahore,2,1
Shadab Khan,v Australia,Perth,1,1
Fakhar Zaman,v England,Manchester,1,1
Faheem Ashraf,v Zimbabwe,Harare,1,1
Asif Ali,v Zimbabwe,Harare,2,1
Azam Khan,v England,Leeds,2,1
Mohammad Hafeez,v England,Manchester,1,1
Shoaib Malik,v Australia,Dubai (DSC),1,1
Babar Azam,v Bangladesh,Mirpur,2,1
Asif Ali,v West Indies,Karachi,1,1
Mohammad Nawaz (3),v West Indies,Karachi,1,1
Mohammad Nawaz (3),v India,Dubai (DSC),1,1
Khushdil Shah,v Afghanistan,Sharjah,2,1
Haris Rauf,v Sri Lanka,Dubai (DSC),1,1
Mohammad Rizwan,v England,Lahore,2,1
Asif Ali,v New Zealand,Christchurch,2,1
Shaheen Shah Afridi,v Zimbabwe,Perth,2,1
Iftikhar Ahmed,v Bangladesh,Adelaide,2,1
Azam Khan,v Afghanistan,Sharjah,1,1
Mohammad Haris,v Afghanistan,Sharjah,1,1
Shaheen Shah Afridi,v New Zealand,Lahore,1,1
Babar Azam,v New Zealand,Lahore,2,1
Umar Gul,v Scotland,Durban,1,0*
Sohail Tanvir,v Canada,King City (NW),1,0*
Umar Gul,v Canada,King City (NW),1,0*
Shoaib Malik,v Australia,Dubai (DSC),2,0*
Saeed Ajmal,v Sri Lanka,Lord's,2,0*
Mohammad Asif,v England,Bridgetown,1,0*
Saeed Ajmal,v England,Cardiff,1,0*
Saeed Ajmal,v New Zealand,Hamilton,2,0*
Wahab Riaz,v New Zealand,Christchurch,1,0*
Aizaz Cheema,v England,Dubai (DSC),2,0*
Sohail Tanvir,v Sri Lanka,Hambantota,1,0*
Raza Hasan,v India,Colombo (RPS),1,0*
Saeed Ajmal,v South Africa,Centurion,1,0*
Junaid Khan,v West Indies,Kingstown,2,0*
Sohaib Maqsood,v South Africa,Cape Town,1,0*
Sohail Tanvir,v Sri Lanka,Dubai (DSC),2,0*
Bilawal Bhatti,v India,Mirpur,1,0*
Raza Hasan,v New Zealand,Dubai (DSC),2,0*
Anwar Ali,v Sri Lanka,Colombo (RPS),1,0*
Anwar Ali,v England,Sharjah,2,0*
Wahab Riaz,v New Zealand,Hamilton,1,0*
Mohammad Irfan,v India,Mirpur,1,0*
Iftikhar Ahmed,v Sri Lanka,Mirpur,2,0*
Imad Wasim,v Bangladesh,Eden Gardens,1,0*
Hasan Ali,v West Indies,Port of Spain,1,0*
Faheem Ashraf,v World-XI,Lahore,1,0*
Sarfaraz Ahmed,v World-XI,Lahore,1,0*
Rumman Raees,v New Zealand,Wellington,1,0*
Faheem Ashraf,v Scotland,Edinburgh,1,0*
Usman Shinwari,v Australia,Harare,1,0*
Mohammad Amir,v Australia,Harare,1,0*
Sarfaraz Ahmed,v New Zealand,Dubai (DSC),2,0*
Usman Shinwari,v South Africa,Cape Town,2,0*
Shadab Khan,v South Africa,Johannesburg,2,0*
Shaheen Shah Afridi,v South Africa,Centurion,1,0*
Hasan Ali,v England,Cardiff,1,0*
Mohammad Hasnain,v Sri Lanka,Lahore,2,0*
Wahab Riaz,v Australia,Canberra,1,0*
Shadab Khan,v England,Manchester,1,0*
Mohammad Rizwan,v Zimbabwe,Rawalpindi,2,0*
Haris Rauf,v New Zealand,Auckland,1,0*
Hussain Talat,v New Zealand,Napier,2,0*
Mohammad Hasnain,v South Africa,Johannesburg,1,0*
Mohammad Hasnain,v Zimbabwe,Harare,2,0*
Hasan Ali,v Zimbabwe,Harare,1,0*
Mohammad Hasnain,v England,Leeds,2,0*
Shadab Khan,v Afghanistan,Dubai (DSC),2,0*
Khushdil Shah,v Bangladesh,Mirpur,2,0*
Shadab Khan,v West Indies,Karachi,1,0*
Haris Rauf,v West Indies,Karachi,1,0*
Mohammad Hasnain,v Afghanistan,Sharjah,2,0*
Mohammad Hasnain,v Sri Lanka,Dubai (DSC),1,0*
Usman Qadir,v England,Karachi,1,0*
Shadab Khan,v Bangladesh,Adelaide,2,0*
Iftikhar Ahmed,v New Zealand,Sydney,2,0*
Zaman Khan,v New Zealand,Lahore,1,0*
Naseem Shah,v New Zealand,Lahore,2,0*
Younis Khan,v England,Bristol,2,0
Kamran Akmal,v India,Johannesburg,2,0
Shahid Afridi,v India,Johannesburg,2,0
Umar Gul,v India,Johannesburg,2,0
Kamran Akmal,v Bangladesh,Karachi,1,0
Khalid Latif,v Zimbabwe,King City (NW),2,0
Shoaib Khan jnr,v Sri Lanka,King City (NW),1,0
Younis Khan,v Sri Lanka,King City (NW),1,0
Salman Butt,v Sri Lanka,Lord's,2,0
Shahid Afridi,v Sri Lanka,Lord's,2,0
Mohammad Amir,v Sri Lanka,Lord's,2,0
Shahzaib Hasan,v South Africa,Nottingham,1,0
Kamran Akmal,v Sri Lanka,Colombo (RPS),1,0
Abdul Razzaq,v New Zealand,Dubai (DSC),1,0
Imran Nazir,v Australia,Melbourne,2,0
Imran Farhat,v England,Dubai (DSC),2,0
Kamran Akmal,v Australia,Gros Islet,2,0
Shahid Afridi,v England,Bridgetown,1,0
Umar Akmal,v New Zealand,Bridgetown,2,0
Misbah-ul-Haq,v Australia,Gros Islet,1,0
Shahzaib Hasan,v Australia,Birmingham,1,0
Shahid Afridi,v Australia,Birmingham,1,0
Shahzaib Hasan,v Australia,Birmingham,1,0
Umar Gul,v Australia,Birmingham,1,0
Shoaib Akhtar,v Australia,Birmingham,1,0
Fawad Alam,v England,Cardiff,1,0
Umar Gul,v South Africa,Abu Dhabi,1,0
Umar Gul,v South Africa,Abu Dhabi,1,0
Umar Akmal,v New Zealand,Auckland,1,0
Umar Gul,v New Zealand,Hamilton,2,0
Misbah-ul-Haq,v West Indies,Gros Islet,2,0
Umar Akmal,v Sri Lanka,Abu Dhabi,2,0
Umar Akmal,v England,Dubai (DSC),1,0
Mohammad Hafeez,v England,Dubai (DSC),2,0
Saeed Ajmal,v England,Dubai (DSC),2,0
Mohammad Hafeez,v England,Abu Dhabi,2,0
Mohammad Hafeez,v Sri Lanka,Hambantota,2,0
Shakeel Ansar,v Sri Lanka,Hambantota,2,0
Imran Nazir,v Australia,Dubai (DSC),1,0
Shoaib Malik,v Australia,Dubai (DSC),2,0
Kamran Akmal,v Australia,Dubai (DSC),2,0
Nasir Jamshed,v South Africa,Colombo (RPS),2,0
Shahid Afridi,v South Africa,Colombo (RPS),2,0
Shahid Afridi,v Sri Lanka,Colombo (RPS),2,0
Umar Akmal,v India,Bengaluru,2,0
Saeed Ajmal,v West Indies,Kingstown,2,0
Sohail Tanvir,v West Indies,Kingstown,1,0
Ahmed Shehzad,v South Africa,Dubai (DSC),1,0
Mohammad Hafeez,v South Africa,Dubai (DSC),1,0
Sohail Tanvir,v South Africa,Dubai (DSC),1,0
Saeed Ajmal,v South Africa,Dubai (DSC),1,0
Mohammad Hafeez,v South Africa,Dubai (DSC),2,0
Abdul Razzaq,v South Africa,Dubai (DSC),2,0
Umar Akmal,v Sri Lanka,Dubai (DSC),2,0
Umar Amin,v Sri Lanka,Dubai (DSC),2,0
Bilawal Bhatti,v Sri Lanka,Dubai (DSC),2,0
Umar Akmal,v Bangladesh,Mirpur,1,0
Ahmed Shehzad,v West Indies,Mirpur,2,0
Kamran Akmal,v West Indies,Mirpur,2,0
Umar Amin,v Australia,Dubai (DSC),1,0
Sohaib Maqsood,v Australia,Dubai (DSC),1,0
Umar Gul,v New Zealand,Dubai (DSC),2,0
Wahab Riaz,v Zimbabwe,Harare,1,0
Shahid Afridi,v England,Dubai (DSC),2,0
Imran Khan (1),v England,Dubai (DSC),2,0
Rafatullah Mohmand,v England,Sharjah,2,0
Sohaib Maqsood,v New Zealand,Auckland,1,0
Imad Wasim,v New Zealand,Wellington,2,0
Khurram Manzoor,v U.A.E.,Mirpur,2,0
Shahid Afridi,v Bangladesh,Mirpur,1,0
Umar Akmal,v Bangladesh,Eden Gardens,1,0
Imad Wasim,v Australia,Mohali,2,0
Wahab Riaz,v Australia,Mohali,2,0
Kamran Akmal,v West Indies,Port of Spain,1,0
Imad Wasim,v West Indies,Port of Spain,1,0
Sarfaraz Ahmed,v World-XI,Lahore,1,0
Imad Wasim,v World-XI,Lahore,1,0
Umar Amin,v New Zealand,Wellington,1,0
Shadab Khan,v New Zealand,Wellington,1,0
Faheem Ashraf,v New Zealand,Auckland,1,0
Asif Ali,v Scotland,Edinburgh,1,0
Mohammad Hafeez,v Australia,Harare,1,0
Hasan Ali,v Australia,Harare,1,0
Haris Sohail,v Australia,Harare,1,0
Faheem Ashraf,v Australia,Harare,1,0
Sahibzada Farhan,v Australia,Harare,2,0
Hussain Talat,v Australia,Harare,2,0
Faheem Ashraf,v Australia,Abu Dhabi,1,0
Sarfaraz Ahmed,v Australia,Abu Dhabi,1,0
Imad Wasim,v Australia,Abu Dhabi,1,0
Hasan Ali,v Australia,Dubai (DSC),1,0
Faheem Ashraf,v Australia,Dubai (DSC),1,0
Mohammad Amir,v South Africa,Centurion,1,0
Umar Akmal,v Sri Lanka,Lahore,2,0
Umar Akmal,v Sri Lanka,Lahore,2,0
Shadab Khan,v Sri Lanka,Lahore,2,0
Fakhar Zaman,v Sri Lanka,Lahore,2,0
Fakhar Zaman,v Australia,Sydney,1,0
Imad Wasim,v Australia,Sydney,1,0
Mohammad Rizwan,v Australia,Perth,1,0
Babar Azam,v Bangladesh,Lahore,2,0
Ahsan Ali,v Bangladesh,Lahore,2,0
Abdullah Shafique,v New Zealand,Auckland,1,0
Mohammad Hafeez,v New Zealand,Auckland,1,0
Abdullah Shafique,v New Zealand,Hamilton,1,0
Shadab Khan,v New Zealand,Napier,2,0
Babar Azam,v South Africa,Lahore,1,0
Mohammad Nawaz (3),v South Africa,Lahore,1,0
Mohammad Nawaz (3),v South Africa,Johannesburg,2,0
Mohammad Rizwan,v South Africa,Johannesburg,1,0
Mohammad Rizwan,v South Africa,Centurion,2,0
Usman Qadir,v Zimbabwe,Harare,2,0
Arshad Iqbal,v Zimbabwe,Harare,2,0
Fakhar Zaman,v Zimbabwe,Harare,1,0
Haris Rauf,v England,Leeds,2,0
Hasan Ali,v West Indies,Providence,1,0
Asif Ali,v Australia,Dubai (DSC),1,0
Haider Ali,v Bangladesh,Mirpur,2,0
Shoaib Malik,v Bangladesh,Mirpur,2,0
Babar Azam,v West Indies,Karachi,1,0
Fakhar Zaman,v Australia,Lahore,1,0
Shaheen Shah Afridi,v Australia,Lahore,1,0
Naseem Shah,v India,Dubai (DSC),1,0
Babar Azam,v Afghanistan,Sharjah,2,0
Haris Rauf,v Afghanistan,Sharjah,2,0
Asif Ali,v Sri Lanka,Dubai (DSC),1,0
Hasan Ali,v Sri Lanka,Dubai (DSC),1,0
Fakhar Zaman,v Sri Lanka,Dubai (DSC),2,0
Asif Ali,v Sri Lanka,Dubai (DSC),2,0
Naseem Shah,v England,Karachi,1,0
Usman Qadir,v England,Karachi,2,0
Mohammad Nawaz (3),v England,Lahore,1,0
Shan Masood,v England,Lahore,1,0
Shan Masood,v New Zealand,Christchurch,2,0
Mohammad Nawaz (3),v New Zealand,Christchurch,1,0
Haider Ali,v Bangladesh,Christchurch,2,0
Babar Azam,v India,Melbourne,1,0
Haider Ali,v Zimbabwe,Perth,2,0
Mohammad Wasim (1),v South Africa,Sydney,1,0
Iftikhar Ahmed,v England,Melbourne,1,0
Abdullah Shafique,v Afghanistan,Sharjah,1,0
Azam Khan,v Afghanistan,Sharjah,1,0
Saim Ayub,v Afghanistan,Sharjah,1,0
Abdullah Shafique,v Afghanistan,Sharjah,1,0
Iftikhar Ahmed,v New Zealand,Lahore,1,0
Fakhar Zaman,v New Zealand,Lahore,1,0
Saim Ayub,v New Zealand,Lahore,1,0
Haris Rauf,v New Zealand,Lahore,2,0
Mohammad Haris,v New Zealand,Rawalpindi,1,0
Saim Ayub,v New Zealand,Rawalpindi,1,0
Shoaib Akhtar,v England,Bristol,2,DNB
Naved-ul-Hasan,v England,Bristol,2,DNB
Mohammad Asif,v England,Bristol,2,DNB
Kamran Akmal,v England,Bristol,2,DNB
Shabbir Ahmed,v South Africa,Johannesburg,1,DNB
Mohammad Asif,v Bangladesh,Nairobi (Gym),1,DNB
Iftikhar Anjum,v Bangladesh,Nairobi (Gym),1,DNB
Imran Nazir,v Kenya,Nairobi (Gym),2,DNB
Salman Butt,v Kenya,Nairobi (Gym),2,DNB
Younis Khan,v Kenya,Nairobi (Gym),2,DNB
Umar Gul,v Kenya,Nairobi (Gym),2,DNB
Shoaib Akhtar,v Kenya,Nairobi (Gym),2,DNB
Abdur Rehman,v Kenya,Nairobi (Gym),2,DNB
Kamran Akmal,v Kenya,Nairobi (Gym),2,DNB
Mohammad Asif,v Scotland,Durban,1,DNB
Umar Gul,v India,Durban,2,DNB
Sohail Tanvir,v India,Durban,2,DNB
Mohammad Asif,v India,Durban,2,DNB
Mohammad Asif,v Sri Lanka,Johannesburg,1,DNB
Sohail Tanvir,v Sri Lanka,Johannesburg,1,DNB
Umar Gul,v Sri Lanka,Johannesburg,1,DNB
Kamran Akmal,v Australia,Johannesburg,2,DNB
Sohail Tanvir,v Australia,Johannesburg,2,DNB
Umar Gul,v Australia,Johannesburg,2,DNB
Shahid Afridi,v Australia,Johannesburg,2,DNB
Mohammad Asif,v Australia,Johannesburg,2,DNB
Sohail Tanvir,v Bangladesh,Cape Town,2,DNB
Umar Gul,v Bangladesh,Cape Town,2,DNB
Mohammad Asif,v Bangladesh,Cape Town,2,DNB
Mohammad Asif,v New Zealand,Cape Town,2,DNB
Fawad Alam,v New Zealand,Cape Town,2,DNB
Kamran Akmal,v New Zealand,Cape Town,2,DNB
Sohail Tanvir,v New Zealand,Cape Town,2,DNB
Umar Gul,v New Zealand,Cape Town,2,DNB
Umar Gul,v Bangladesh,Karachi,1,DNB
Sohail Tanvir,v Bangladesh,Karachi,1,DNB
Mansoor Amjad,v Bangladesh,Karachi,1,DNB
Wahab Riaz,v Bangladesh,Karachi,1,DNB
Sohail Khan,v Canada,King City (NW),1,DNB
Shoaib Akhtar,v Canada,King City (NW),1,DNB
Shoaib Akhtar,v Sri Lanka,King City (NW),2,DNB
Umar Gul,v Sri Lanka,King City (NW),2,DNB
Abdur Rauf,v Zimbabwe,King City (NW),2,DNB
Anwar Ali,v Zimbabwe,King City (NW),2,DNB
Kamran Akmal,v Zimbabwe,King City (NW),2,DNB
Misbah-ul-Haq,v Zimbabwe,King City (NW),2,DNB
Umar Gul,v Zimbabwe,King City (NW),2,DNB
Shoaib Malik,v Zimbabwe,King City (NW),2,DNB
Sohail Tanvir,v Sri Lanka,King City (NW),1,DNB
Shoaib Akhtar,v Sri Lanka,King City (NW),1,DNB
Saeed Ajmal,v Australia,Dubai (DSC),2,DNB
Sohail Tanvir,v Australia,Dubai (DSC),2,DNB
Shahid Afridi,v Australia,Dubai (DSC),2,DNB
Umar Gul,v Australia,Dubai (DSC),2,DNB
Shoaib Akhtar,v Australia,Dubai (DSC),2,DNB
Fawad Alam,v Australia,Dubai (DSC),2,DNB
Saeed Ajmal,v England,The Oval,2,DNB
Mohammad Amir,v England,The Oval,2,DNB
Sohail Tanvir,v Netherlands,Lord's,1,DNB
Umar Gul,v Netherlands,Lord's,1,DNB
Mohammad Amir,v Netherlands,Lord's,1,DNB
Saeed Ajmal,v Netherlands,Lord's,1,DNB
Fawad Alam,v New Zealand,The Oval,2,DNB
Saeed Ajmal,v New Zealand,The Oval,2,DNB
Mohammad Amir,v New Zealand,The Oval,2,DNB
Umar Gul,v New Zealand,The Oval,2,DNB
Misbah-ul-Haq,v New Zealand,The Oval,2,DNB
Fawad Alam,v Ireland,The Oval,1,DNB
Saeed Ajmal,v Ireland,The Oval,1,DNB
Mohammad Amir,v Ireland,The Oval,1,DNB
Umar Gul,v Ireland,The Oval,1,DNB
Mohammad Amir,v South Africa,Nottingham,1,DNB
Umar Gul,v South Africa,Nottingham,1,DNB
Misbah-ul-Haq,v South Africa,Nottingham,1,DNB
Fawad Alam,v South Africa,Nottingham,1,DNB
Saeed Ajmal,v South Africa,Nottingham,1,DNB
Mohammad Amir,v Sri Lanka,Lord's,2,DNB
Umar Gul,v Sri Lanka,Lord's,2,DNB
Misbah-ul-Haq,v Sri Lanka,Lord's,2,DNB
Abdul Razzaq,v Sri Lanka,Lord's,2,DNB
Fawad Alam,v Sri Lanka,Lord's,2,DNB
Saeed Ajmal,v Sri Lanka,Lord's,2,DNB
Younis Khan,v Sri Lanka,Lord's,2,DNB
Naved-ul-Hasan,v Sri Lanka,Colombo (RPS),1,DNB
Iftikhar Anjum,v Sri Lanka,Colombo (RPS),1,DNB
Saeed Ajmal,v Sri Lanka,Colombo (RPS),1,DNB
Mohammad Amir,v Sri Lanka,Colombo (RPS),1,DNB
Umar Gul,v New Zealand,Dubai (DSC),1,DNB
Saeed Ajmal,v New Zealand,Dubai (DSC),1,DNB
Sohail Tanvir,v New Zealand,Dubai (DSC),1,DNB
Umar Gul,v New Zealand,Dubai (DSC),1,DNB
Mohammad Amir,v New Zealand,Dubai (DSC),1,DNB
Saeed Ajmal,v New Zealand,Dubai (DSC),1,DNB
Saeed Ajmal,v England,Dubai (DSC),1,DNB
Sarfaraz Ahmed,v England,Dubai (DSC),2,DNB
Umar Gul,v England,Dubai (DSC),2,DNB
Saeed Ajmal,v England,Dubai (DSC),2,DNB
Mohammad Amir,v Bangladesh,Gros Islet,1,DNB
Saeed Ajmal,v Bangladesh,Gros Islet,1,DNB
Mohammad Sami,v Bangladesh,Gros Islet,1,DNB
Umar Akmal,v Bangladesh,Gros Islet,1,DNB
Fawad Alam,v Bangladesh,Gros Islet,1,DNB
Mohammad Hafeez,v Bangladesh,Gros Islet,1,DNB
Saeed Ajmal,v New Zealand,Bridgetown,2,DNB
Mohammad Sami,v New Zealand,Bridgetown,2,DNB
Mohammad Amir,v New Zealand,Bridgetown,2,DNB
Mohammad Amir,v South Africa,Gros Islet,1,DNB
Saeed Ajmal,v South Africa,Gros Islet,1,DNB
Mohammad Amir,v Australia,Gros Islet,1,DNB
Mohammad Hafeez,v Australia,Gros Islet,1,DNB
Abdur Rehman,v Australia,Gros Islet,1,DNB
Saeed Ajmal,v Australia,Gros Islet,1,DNB
Saeed Ajmal,v Australia,Birmingham,1,DNB
Shoaib Akhtar,v Australia,Birmingham,1,DNB
Abdul Razzaq,v England,Cardiff,1,DNB
Wahab Riaz,v England,Cardiff,1,DNB
Shoaib Akhtar,v England,Cardiff,1,DNB
Umar Gul,v England,Cardiff,1,DNB
Saeed Ajmal,v England,Cardiff,1,DNB
Shoaib Akhtar,v South Africa,Abu Dhabi,1,DNB
Saeed Ajmal,v New Zealand,Christchurch,1,DNB
Abdur Rehman,v New Zealand,Christchurch,1,DNB
Tanvir Ahmed,v New Zealand,Christchurch,1,DNB
Aizaz Cheema,v Zimbabwe,Harare,1,DNB
Sohail Khan,v Zimbabwe,Harare,1,DNB
Yasir Shah,v Zimbabwe,Harare,1,DNB
Saeed Ajmal,v Zimbabwe,Harare,1,DNB
Misbah-ul-Haq,v Zimbabwe,Harare,1,DNB
Sohail Khan,v Zimbabwe,Harare,1,DNB
Junaid Khan,v Zimbabwe,Harare,1,DNB
Aizaz Cheema,v Sri Lanka,Abu Dhabi,2,DNB
Saeed Ajmal,v Sri Lanka,Abu Dhabi,2,DNB
Sohail Tanvir,v Sri Lanka,Abu Dhabi,2,DNB
Umar Gul,v Sri Lanka,Abu Dhabi,2,DNB
Saeed Ajmal,v Bangladesh,Mirpur,1,DNB
Aizaz Cheema,v Bangladesh,Mirpur,1,DNB
Hammad Azam,v England,Dubai (DSC),1,DNB
Junaid Khan,v England,Dubai (DSC),1,DNB
Saeed Ajmal,v England,Dubai (DSC),1,DNB
Umar Gul,v England,Dubai (DSC),1,DNB
Saeed Ajmal,v England,Abu Dhabi,2,DNB
Umar Gul,v England,Abu Dhabi,2,DNB
Shoaib Malik,v England,Abu Dhabi,2,DNB
Aizaz Cheema,v England,Abu Dhabi,2,DNB
Shakeel Ansar,v Sri Lanka,Hambantota,1,DNB
Mohammad Sami,v Sri Lanka,Hambantota,1,DNB
Saeed Ajmal,v Sri Lanka,Hambantota,1,DNB
Raza Hasan,v Australia,Dubai (DSC),2,DNB
Umar Gul,v Australia,Dubai (DSC),2,DNB
Umar Akmal,v Australia,Dubai (DSC),2,DNB
Abdul Razzaq,v Australia,Dubai (DSC),2,DNB
Sohail Tanvir,v Australia,Dubai (DSC),2,DNB
Saeed Ajmal,v Australia,Dubai (DSC),2,DNB
Umar Gul,v Australia,Dubai (DSC),1,DNB
Shoaib Malik,v Australia,Dubai (DSC),1,DNB
Sohail Tanvir,v Australia,Dubai (DSC),1,DNB
Saeed Ajmal,v Australia,Dubai (DSC),1,DNB
Raza Hasan,v Australia,Dubai (DSC),1,DNB
Sohail Tanvir,v New Zealand,Pallekele,1,DNB
Saeed Ajmal,v New Zealand,Pallekele,1,DNB
Yasir Arafat,v New Zealand,Pallekele,1,DNB
Umar Gul,v New Zealand,Pallekele,1,DNB
Yasir Arafat,v Bangladesh,Pallekele,2,DNB
Shoaib Malik,v Bangladesh,Pallekele,2,DNB
Shahid Afridi,v Bangladesh,Pallekele,2,DNB
Umar Gul,v Bangladesh,Pallekele,2,DNB
Umar Akmal,v Bangladesh,Pallekele,2,DNB
Sohail Tanvir,v Bangladesh,Pallekele,2,DNB
Saeed Ajmal,v Bangladesh,Pallekele,2,DNB
Raza Hasan,v South Africa,Colombo (RPS),2,DNB
Raza Hasan,v Australia,Colombo (RPS),1,DNB
Saeed Ajmal,v Australia,Colombo (RPS),1,DNB
Umar Gul,v Australia,Colombo (RPS),1,DNB
Saeed Ajmal,v Sri Lanka,Colombo (RPS),2,DNB
Raza Hasan,v Sri Lanka,Colombo (RPS),2,DNB
Sohail Tanvir,v India,Bengaluru,2,DNB
Saeed Ajmal,v India,Bengaluru,2,DNB
Umar Gul,v India,Bengaluru,2,DNB
Mohammad Irfan,v India,Bengaluru,2,DNB
Mohammad Irfan,v India,Ahmedabad,2,DNB
Sohail Tanvir,v India,Ahmedabad,2,DNB
Saeed Ajmal,v India,Ahmedabad,2,DNB
Mohammad Irfan,v South Africa,Centurion,1,DNB
Junaid Khan,v South Africa,Centurion,1,DNB
Mohammad Irfan,v West Indies,Kingstown,2,DNB
Saeed Ajmal,v West Indies,Kingstown,1,DNB
Asad Ali,v West Indies,Kingstown,1,DNB
Sarfaraz Ahmed,v Zimbabwe,Harare,1,DNB
Sohail Tanvir,v Zimbabwe,Harare,1,DNB
Saeed Ajmal,v Zimbabwe,Harare,1,DNB
Mohammad Irfan,v Zimbabwe,Harare,1,DNB
Sohail Tanvir,v Zimbabwe,Harare,1,DNB
Zulfiqar Babar,v Zimbabwe,Harare,1,DNB
Shahid Afridi,v Zimbabwe,Harare,1,DNB
Sarfaraz Ahmed,v Zimbabwe,Harare,1,DNB
Sohaib Maqsood,v Zimbabwe,Harare,1,DNB
Umar Amin,v Zimbabwe,Harare,1,DNB
Anwar Ali,v Zimbabwe,Harare,1,DNB
Asad Ali,v Zimbabwe,Harare,1,DNB
Mohammad Irfan,v South Africa,Dubai (DSC),1,DNB
Shahid Afridi,v South Africa,Johannesburg,2,DNB
Junaid Khan,v South Africa,Johannesburg,2,DNB
Anwar Ali,v South Africa,Johannesburg,2,DNB
Sohail Tanvir,v South Africa,Johannesburg,2,DNB
Bilawal Bhatti,v South Africa,Johannesburg,2,DNB
Umar Amin,v South Africa,Johannesburg,2,DNB
Sohaib Maqsood,v South Africa,Johannesburg,2,DNB
Bilawal Bhatti,v South Africa,Cape Town,1,DNB
Umar Amin,v South Africa,Cape Town,1,DNB
Sohail Tanvir,v South Africa,Cape Town,1,DNB
Saeed Ajmal,v South Africa,Cape Town,1,DNB
Junaid Khan,v South Africa,Cape Town,1,DNB
Bilawal Bhatti,v Afghanistan,Sharjah,2,DNB
Umar Amin,v Afghanistan,Sharjah,2,DNB
Sohail Tanvir,v Afghanistan,Sharjah,2,DNB
Zulfiqar Babar,v Afghanistan,Sharjah,2,DNB
Junaid Khan,v Afghanistan,Sharjah,2,DNB
Saeed Ajmal,v Sri Lanka,Dubai (DSC),2,DNB
Usman Shinwari,v Sri Lanka,Dubai (DSC),2,DNB
Umar Gul,v India,Mirpur,1,DNB
Junaid Khan,v India,Mirpur,1,DNB
Saeed Ajmal,v India,Mirpur,1,DNB
Umar Gul,v Australia,Mirpur,1,DNB
Bilawal Bhatti,v Australia,Mirpur,1,DNB
Zulfiqar Babar,v Australia,Mirpur,1,DNB
Saeed Ajmal,v Australia,Mirpur,1,DNB
Sohail Tanvir,v Bangladesh,Mirpur,1,DNB
Zulfiqar Babar,v Bangladesh,Mirpur,1,DNB
Saeed Ajmal,v Bangladesh,Mirpur,1,DNB
Umar Gul,v Bangladesh,Mirpur,1,DNB
Sohail Tanvir,v New Zealand,Dubai (DSC),2,DNB
Raza Hasan,v New Zealand,Dubai (DSC),2,DNB
Shahid Afridi,v New Zealand,Dubai (DSC),2,DNB
Mohammad Irfan,v New Zealand,Dubai (DSC),2,DNB
Saad Nasim,v New Zealand,Dubai (DSC),2,DNB
Anwar Ali,v New Zealand,Dubai (DSC),2,DNB
Mohammad Rizwan,v Bangladesh,Mirpur,1,DNB
Wahab Riaz,v Bangladesh,Mirpur,1,DNB
Sarfaraz Ahmed,v Bangladesh,Mirpur,1,DNB
Umar Gul,v Bangladesh,Mirpur,1,DNB
Saeed Ajmal,v Bangladesh,Mirpur,1,DNB
Anwar Ali,v Zimbabwe,Lahore,2,DNB
Wahab Riaz,v Zimbabwe,Lahore,2,DNB
Mohammad Sami,v Zimbabwe,Lahore,2,DNB
Bilawal Bhatti,v Zimbabwe,Lahore,2,DNB
Mohammad Sami,v Zimbabwe,Lahore,2,DNB
Mohammad Rizwan,v Sri Lanka,Colombo (RPS),1,DNB
Imad Wasim,v Sri Lanka,Colombo (RPS),1,DNB
Mohammad Irfan,v Sri Lanka,Colombo (RPS),1,DNB
Sohail Tanvir,v Sri Lanka,Colombo (RPS),1,DNB
Imran Khan (1),v Zimbabwe,Harare,1,DNB
Sohail Tanvir,v Zimbabwe,Harare,1,DNB
Imran Khan (1),v Zimbabwe,Harare,1,DNB
Sohail Tanvir,v Zimbabwe,Harare,1,DNB
Mohammad Irfan,v Zimbabwe,Harare,1,DNB
Wahab Riaz,v England,Dubai (DSC),2,DNB
Mohammad Irfan,v England,Sharjah,2,DNB
Aamer Yamin,v England,Sharjah,2,DNB
Mohammad Amir,v New Zealand,Auckland,1,DNB
Umar Gul,v New Zealand,Hamilton,1,DNB
Mohammad Amir,v New Zealand,Hamilton,1,DNB
Mohammad Irfan,v U.A.E.,Mirpur,2,DNB
Mohammad Sami,v U.A.E.,Mirpur,2,DNB
Mohammad Nawaz (3),v U.A.E.,Mirpur,2,DNB
Shahid Afridi,v U.A.E.,Mirpur,2,DNB
Mohammad Amir,v U.A.E.,Mirpur,2,DNB
Sarfaraz Ahmed,v U.A.E.,Mirpur,2,DNB
Mohammad Amir,v Bangladesh,Mirpur,1,DNB
Mohammad Sami,v Bangladesh,Mirpur,1,DNB
Mohammad Irfan,v Bangladesh,Mirpur,1,DNB
Mohammad Amir,v Sri Lanka,Mirpur,2,DNB
Mohammad Irfan,v Sri Lanka,Mirpur,2,DNB
Shahid Afridi,v Sri Lanka,Mirpur,2,DNB
Wahab Riaz,v Sri Lanka,Mirpur,2,DNB
Mohammad Nawaz (3),v Sri Lanka,Mirpur,2,DNB
Sarfaraz Ahmed,v Bangladesh,Eden Gardens,1,DNB
Wahab Riaz,v Bangladesh,Eden Gardens,1,DNB
Mohammad Irfan,v Bangladesh,Eden Gardens,1,DNB
Mohammad Amir,v Bangladesh,Eden Gardens,1,DNB
Mohammad Irfan,v India,Eden Gardens,1,DNB
Mohammad Amir,v India,Eden Gardens,1,DNB
Wahab Riaz,v India,Eden Gardens,1,DNB
Mohammad Sami,v India,Eden Gardens,1,DNB
Mohammad Irfan,v New Zealand,Mohali,2,DNB
Mohammad Amir,v New Zealand,Mohali,2,DNB
Imad Wasim,v New Zealand,Mohali,2,DNB
Mohammad Sami,v New Zealand,Mohali,2,DNB
Mohammad Amir,v Australia,Mohali,2,DNB
Imad Wasim,v England,Manchester,2,DNB
Wahab Riaz,v England,Manchester,2,DNB
Shoaib Malik,v England,Manchester,2,DNB
Mohammad Amir,v England,Manchester,2,DNB
Sarfaraz Ahmed,v England,Manchester,2,DNB
Sohail Tanvir,v England,Manchester,2,DNB
Hasan Ali,v England,Manchester,2,DNB
Mohammad Rizwan,v England,Manchester,2,DNB
Imad Wasim,v West Indies,Dubai (DSC),2,DNB
Wahab Riaz,v West Indies,Dubai (DSC),2,DNB
Mohammad Nawaz (3),v West Indies,Dubai (DSC),2,DNB
Shoaib Malik,v West Indies,Dubai (DSC),2,DNB
Umar Akmal,v West Indies,Dubai (DSC),2,DNB
Sarfaraz Ahmed,v West Indies,Dubai (DSC),2,DNB
Sohail Tanvir,v West Indies,Dubai (DSC),2,DNB
Hasan Ali,v West Indies,Dubai (DSC),2,DNB
Mohammad Nawaz (3),v West Indies,Dubai (DSC),1,DNB
Sohail Tanvir,v West Indies,Dubai (DSC),1,DNB
Hasan Ali,v West Indies,Dubai (DSC),1,DNB
Imad Wasim,v West Indies,Dubai (DSC),1,DNB
Wahab Riaz,v West Indies,Dubai (DSC),1,DNB
Imad Wasim,v West Indies,Abu Dhabi,2,DNB
Rumman Raees,v West Indies,Abu Dhabi,2,DNB
Mohammad Amir,v West Indies,Abu Dhabi,2,DNB
Sarfaraz Ahmed,v West Indies,Abu Dhabi,2,DNB
Sohail Tanvir,v West Indies,Abu Dhabi,2,DNB
Mohammad Nawaz (3),v West Indies,Abu Dhabi,2,DNB
Umar Akmal,v West Indies,Abu Dhabi,2,DNB
Wahab Riaz,v West Indies,Bridgetown,2,DNB
Shadab Khan,v West Indies,Bridgetown,2,DNB
Sohail Tanvir,v West Indies,Bridgetown,2,DNB
Hasan Ali,v West Indies,Bridgetown,2,DNB
Imad Wasim,v West Indies,Bridgetown,2,DNB
Hasan Ali,v West Indies,Port of Spain,1,DNB
Wahab Riaz,v West Indies,Port of Spain,2,DNB
Hasan Ali,v West Indies,Port of Spain,2,DNB
Rumman Raees,v West Indies,Port of Spain,2,DNB
Imad Wasim,v West Indies,Port of Spain,2,DNB
Shadab Khan,v West Indies,Port of Spain,2,DNB
Fakhar Zaman,v West Indies,Port of Spain,2,DNB
Sohail Khan,v World-XI,Lahore,1,DNB
Hasan Ali,v World-XI,Lahore,1,DNB
Shadab Khan,v World-XI,Lahore,1,DNB
Rumman Raees,v World-XI,Lahore,1,DNB
Usman Shinwari,v World-XI,Lahore,1,DNB
Rumman Raees,v World-XI,Lahore,1,DNB
Shadab Khan,v World-XI,Lahore,1,DNB
Mohammad Nawaz (3),v World-XI,Lahore,1,DNB
Mohammad Nawaz (3),v World-XI,Lahore,1,DNB
Shadab Khan,v World-XI,Lahore,1,DNB
Hasan Ali,v World-XI,Lahore,1,DNB
Rumman Raees,v World-XI,Lahore,1,DNB
Usman Shinwari,v World-XI,Lahore,1,DNB
Sarfaraz Ahmed,v Sri Lanka,Abu Dhabi,2,DNB
Shadab Khan,v Sri Lanka,Abu Dhabi,2,DNB
Hasan Ali,v Sri Lanka,Abu Dhabi,2,DNB
Imad Wasim,v Sri Lanka,Abu Dhabi,2,DNB
Usman Shinwari,v Sri Lanka,Abu Dhabi,2,DNB
Faheem Ashraf,v Sri Lanka,Abu Dhabi,2,DNB
Usman Shinwari,v Sri Lanka,Abu Dhabi,2,DNB
Imad Wasim,v Sri Lanka,Lahore,1,DNB
Hasan Ali,v Sri Lanka,Lahore,1,DNB
Mohammad Amir,v Sri Lanka,Lahore,1,DNB
Sarfaraz Ahmed,v Sri Lanka,Lahore,1,DNB
Shadab Khan,v Sri Lanka,Lahore,1,DNB
Mohammad Hafeez,v Sri Lanka,Lahore,1,DNB
Mohammad Amir,v New Zealand,Auckland,1,DNB
Shadab Khan,v New Zealand,Auckland,1,DNB
Rumman Raees,v New Zealand,Auckland,1,DNB
Haris Sohail,v New Zealand,Auckland,1,DNB
Umar Amin,v New Zealand,Auckland,1,DNB
Mohammad Amir,v New Zealand,Mount Maunganui,1,DNB
Shadab Khan,v New Zealand,Mount Maunganui,1,DNB
Rumman Raees,v New Zealand,Mount Maunganui,1,DNB
Mohammad Nawaz (3),v West Indies,Karachi,1,DNB
Mohammad Amir,v West Indies,Karachi,1,DNB
Hasan Ali,v West Indies,Karachi,1,DNB
Shadab Khan,v West Indies,Karachi,1,DNB
Mohammad Nawaz (3),v West Indies,Karachi,1,DNB
Mohammad Amir,v West Indies,Karachi,1,DNB
Hasan Ali,v West Indies,Karachi,1,DNB
Shadab Khan,v West Indies,Karachi,1,DNB
Sarfaraz Ahmed,v West Indies,Karachi,1,DNB
Faheem Ashraf,v West Indies,Karachi,1,DNB
Shadab Khan,v West Indies,Karachi,2,DNB
Shoaib Malik,v West Indies,Karachi,2,DNB
Faheem Ashraf,v West Indies,Karachi,2,DNB
Mohammad Nawaz (3),v West Indies,Karachi,2,DNB
Shaheen Shah Afridi,v West Indies,Karachi,2,DNB
Sarfaraz Ahmed,v West Indies,Karachi,2,DNB
Usman Shinwari,v West Indies,Karachi,2,DNB
Mohammad Amir,v Scotland,Edinburgh,1,DNB
Shadab Khan,v Scotland,Edinburgh,1,DNB
Faheem Ashraf,v Scotland,Edinburgh,1,DNB
Mohammad Nawaz (3),v Scotland,Edinburgh,1,DNB
Hasan Ali,v Scotland,Edinburgh,1,DNB
Mohammad Nawaz (3),v Scotland,Edinburgh,1,DNB
Hasan Ali,v Scotland,Edinburgh,1,DNB
Usman Shinwari,v Scotland,Edinburgh,1,DNB
Faheem Ashraf,v Zimbabwe,Harare,1,DNB
Shadab Khan,v Zimbabwe,Harare,1,DNB
Hasan Ali,v Zimbabwe,Harare,1,DNB
Usman Shinwari,v Zimbabwe,Harare,1,DNB
Mohammad Nawaz (3),v Zimbabwe,Harare,1,DNB
Faheem Ashraf,v Zimbabwe,Harare,2,DNB
Mohammad Nawaz (3),v Zimbabwe,Harare,2,DNB
Mohammad Amir,v Zimbabwe,Harare,2,DNB
Hasan Ali,v Zimbabwe,Harare,2,DNB
Asif Ali,v Zimbabwe,Harare,2,DNB
Shadab Khan,v Zimbabwe,Harare,2,DNB
Shaheen Shah Afridi,v Australia,Harare,1,DNB
Usman Shinwari,v Australia,Harare,1,DNB
Mohammad Amir,v Australia,Harare,2,DNB
Shadab Khan,v Australia,Harare,2,DNB
Faheem Ashraf,v Australia,Harare,2,DNB
Shaheen Shah Afridi,v Australia,Harare,2,DNB
Hasan Ali,v Australia,Harare,2,DNB
Shaheen Shah Afridi,v Australia,Abu Dhabi,1,DNB
Sarfaraz Ahmed,v Australia,Dubai (DSC),1,DNB
Shaheen Shah Afridi,v Australia,Dubai (DSC),1,DNB
Shadab Khan,v Australia,Dubai (DSC),1,DNB
Shadab Khan,v Australia,Dubai (DSC),1,DNB
Hasan Ali,v Australia,Dubai (DSC),1,DNB
Usman Shinwari,v Australia,Dubai (DSC),1,DNB
Sarfaraz Ahmed,v Australia,Dubai (DSC),1,DNB
Shadab Khan,v New Zealand,Abu Dhabi,1,DNB
Shaheen Shah Afridi,v New Zealand,Abu Dhabi,1,DNB
Hasan Ali,v New Zealand,Abu Dhabi,1,DNB
Imad Wasim,v New Zealand,Dubai (DSC),2,DNB
Shadab Khan,v New Zealand,Dubai (DSC),2,DNB
Faheem Ashraf,v New Zealand,Dubai (DSC),2,DNB
Shaheen Shah Afridi,v New Zealand,Dubai (DSC),2,DNB
Hasan Ali,v New Zealand,Dubai (DSC),2,DNB
Usman Shinwari,v New Zealand,Dubai (DSC),1,DNB
Waqas Maqsood,v New Zealand,Dubai (DSC),1,DNB
Sarfaraz Ahmed,v New Zealand,Dubai (DSC),1,DNB
Shadab Khan,v New Zealand,Dubai (DSC),1,DNB
Faheem Ashraf,v New Zealand,Dubai (DSC),1,DNB
Imad Wasim,v New Zealand,Dubai (DSC),1,DNB
Shaheen Shah Afridi,v South Africa,Johannesburg,2,DNB
Usman Shinwari,v South Africa,Johannesburg,2,DNB
Mohammad Hasnain,v England,Cardiff,1,DNB
Shaheen Shah Afridi,v England,Cardiff,1,DNB
Sarfaraz Ahmed,v England,Cardiff,1,DNB
Usman Shinwari,v Sri Lanka,Lahore,2,DNB
Mohammad Amir,v Sri Lanka,Lahore,2,DNB
Shadab Khan,v Sri Lanka,Lahore,2,DNB
Shadab Khan,v Australia,Sydney,1,DNB
Mohammad Irfan,v Australia,Sydney,1,DNB
Mohammad Amir,v Australia,Sydney,1,DNB
Wahab Riaz,v Australia,Sydney,1,DNB
Shadab Khan,v Australia,Canberra,1,DNB
Mohammad Irfan,v Australia,Canberra,1,DNB
Mohammad Amir,v Australia,Canberra,1,DNB
Muhammad Musa,v Australia,Perth,1,DNB
Mohammad Hasnain,v Bangladesh,Lahore,2,DNB
Shadab Khan,v Bangladesh,Lahore,2,DNB
Haris Rauf,v Bangladesh,Lahore,2,DNB
Shaheen Shah Afridi,v Bangladesh,Lahore,2,DNB
Imad Wasim,v Bangladesh,Lahore,2,DNB
Mohammad Hasnain,v Bangladesh,Lahore,2,DNB
Shoaib Malik,v Bangladesh,Lahore,2,DNB
Shadab Khan,v Bangladesh,Lahore,2,DNB
Mohammad Rizwan,v Bangladesh,Lahore,2,DNB
Haris Rauf,v Bangladesh,Lahore,2,DNB
Shaheen Shah Afridi,v Bangladesh,Lahore,2,DNB
Iftikhar Ahmed,v Bangladesh,Lahore,2,DNB
Fakhar Zaman,v England,Manchester,-,TDNB
Babar Azam,v England,Manchester,-,TDNB
Mohammad Amir,v England,Manchester,-,TDNB
Haris Rauf,v England,Manchester,-,TDNB
Mohammad Hafeez,v England,Manchester,-,TDNB
Shadab Khan,v England,Manchester,-,TDNB
Iftikhar Ahmed,v England,Manchester,-,TDNB
Mohammad Rizwan,v England,Manchester,-,TDNB
Imad Wasim,v England,Manchester,-,TDNB
Shaheen Shah Afridi,v England,Manchester,-,TDNB
Shoaib Malik,v England,Manchester,-,TDNB
Mohammad Amir,v England,Manchester,1,DNB
Haris Rauf,v England,Manchester,1,DNB
Mohammad Rizwan,v England,Manchester,1,DNB
Imad Wasim,v England,Manchester,1,DNB
Shaheen Shah Afridi,v England,Manchester,1,DNB
Shaheen Shah Afridi,v England,Manchester,1,DNB
Sarfaraz Ahmed,v England,Manchester,1,DNB
Wahab Riaz,v England,Manchester,1,DNB
Haris Rauf,v England,Manchester,1,DNB
Shoaib Malik,v England,Manchester,1,DNB
Faheem Ashraf,v Zimbabwe,Rawalpindi,2,DNB
Usman Qadir,v Zimbabwe,Rawalpindi,2,DNB
Haris Rauf,v Zimbabwe,Rawalpindi,2,DNB
Wahab Riaz,v Zimbabwe,Rawalpindi,2,DNB
Mohammad Hasnain,v Zimbabwe,Rawalpindi,2,DNB
Mohammad Rizwan,v Zimbabwe,Rawalpindi,2,DNB
Haris Rauf,v Zimbabwe,Rawalpindi,2,DNB
Mohammad Hafeez,v Zimbabwe,Rawalpindi,2,DNB
Wahab Riaz,v Zimbabwe,Rawalpindi,2,DNB
Mohammad Hasnain,v Zimbabwe,Rawalpindi,2,DNB
Faheem Ashraf,v Zimbabwe,Rawalpindi,2,DNB
Usman Qadir,v Zimbabwe,Rawalpindi,2,DNB
Imad Wasim,v Zimbabwe,Rawalpindi,2,DNB
Muhammad Musa,v Zimbabwe,Rawalpindi,2,DNB
Usman Qadir,v Zimbabwe,Rawalpindi,2,DNB
Mohammad Rizwan,v Zimbabwe,Rawalpindi,2,DNB
Mohammad Hasnain,v Zimbabwe,Rawalpindi,2,DNB
Babar Azam,v Zimbabwe,Rawalpindi,2,DNB
Haris Rauf,v Zimbabwe,Rawalpindi,2,DNB
Wahab Riaz,v New Zealand,Hamilton,1,DNB
Shaheen Shah Afridi,v New Zealand,Hamilton,1,DNB
Haris Rauf,v New Zealand,Hamilton,1,DNB
Mohammad Hasnain,v New Zealand,Napier,2,DNB
Haris Rauf,v New Zealand,Napier,2,DNB
Shaheen Shah Afridi,v New Zealand,Napier,2,DNB
Shaheen Shah Afridi,v South Africa,Lahore,1,DNB
Haris Rauf,v South Africa,Lahore,1,DNB
Usman Qadir,v South Africa,Lahore,1,DNB
Haris Rauf,v South Africa,Lahore,1,DNB
Shaheen Shah Afridi,v South Africa,Lahore,1,DNB
Shaheen Shah Afridi,v South Africa,Lahore,2,DNB
Usman Qadir,v South Africa,Lahore,2,DNB
Zahid Mahmood,v South Africa,Lahore,2,DNB
Shaheen Shah Afridi,v South Africa,Johannesburg,2,DNB
Usman Qadir,v South Africa,Johannesburg,2,DNB
Haris Rauf,v South Africa,Johannesburg,2,DNB
Haider Ali,v South Africa,Centurion,2,DNB
Shaheen Shah Afridi,v South Africa,Centurion,2,DNB
Faheem Ashraf,v South Africa,Centurion,2,DNB
Asif Ali,v South Africa,Centurion,2,DNB
Haris Rauf,v South Africa,Centurion,2,DNB
Mohammad Hafeez,v South Africa,Centurion,2,DNB
Hasan Ali,v South Africa,Centurion,2,DNB
Mohammad Nawaz (3),v South Africa,Centurion,2,DNB
Haris Rauf,v South Africa,Centurion,2,DNB
Shaheen Shah Afridi,v South Africa,Centurion,2,DNB
Haris Rauf,v Zimbabwe,Harare,1,DNB
Mohammad Hasnain,v Zimbabwe,Harare,1,DNB
Usman Qadir,v Zimbabwe,Harare,1,DNB
Haris Rauf,v Zimbabwe,Harare,1,DNB
Sarfaraz Ahmed,v Zimbabwe,Harare,1,DNB
Mohammad Hasnain,v Zimbabwe,Harare,1,DNB
Mohammad Hafeez,v Zimbabwe,Harare,1,DNB
Faheem Ashraf,v Zimbabwe,Harare,1,DNB
Haris Rauf,v England,Nottingham,1,DNB
Shadab Khan,v England,Nottingham,1,DNB
Mohammad Hasnain,v England,Nottingham,1,DNB
Shaheen Shah Afridi,v England,Nottingham,1,DNB
Mohammad Hasnain,v England,Manchester,1,DNB
Shaheen Shah Afridi,v England,Manchester,1,DNB
Usman Qadir,v England,Manchester,1,DNB
Hasan Ali,v West Indies,Bridgetown,-,TDNB
Usman Qadir,v West Indies,Bridgetown,-,TDNB
Mohammad Rizwan,v West Indies,Bridgetown,-,TDNB
Azam Khan,v West Indies,Bridgetown,-,TDNB
Mohammad Hafeez,v West Indies,Bridgetown,-,TDNB
Shadab Khan,v West Indies,Bridgetown,-,TDNB
Fakhar Zaman,v West Indies,Bridgetown,-,TDNB
Babar Azam,v West Indies,Bridgetown,-,TDNB
Mohammad Wasim (1),v West Indies,Bridgetown,-,TDNB
Sharjeel Khan,v West Indies,Bridgetown,-,TDNB
Shaheen Shah Afridi,v West Indies,Bridgetown,-,TDNB
Shaheen Shah Afridi,v West Indies,Providence,1,DNB
Usman Qadir,v West Indies,Providence,1,DNB
Haris Rauf,v West Indies,Providence,-,TDNB
Mohammad Hafeez,v West Indies,Providence,-,TDNB
Hasan Ali,v West Indies,Providence,-,TDNB
Usman Qadir,v West Indies,Providence,-,TDNB
Mohammad Rizwan,v West Indies,Providence,-,TDNB
Mohammad Wasim (1),v West Indies,Providence,-,TDNB
Sohaib Maqsood,v West Indies,Providence,-,TDNB
Shadab Khan,v West Indies,Providence,-,TDNB
Fakhar Zaman,v West Indies,Providence,-,TDNB
Babar Azam,v West Indies,Providence,-,TDNB
Sharjeel Khan,v West Indies,Providence,-,TDNB
Usman Qadir,v West Indies,Providence,-,TDNB
Mohammad Rizwan,v West Indies,Providence,-,TDNB
Mohammad Wasim (1),v West Indies,Providence,-,TDNB
Sohaib Maqsood,v West Indies,Providence,-,TDNB
Shadab Khan,v West Indies,Providence,-,TDNB
Fakhar Zaman,v West Indies,Providence,-,TDNB
Babar Azam,v West Indies,Providence,-,TDNB
Sharjeel Khan,v West Indies,Providence,-,TDNB
Haris Rauf,v West Indies,Providence,-,TDNB
Mohammad Hafeez,v West Indies,Providence,-,TDNB
Hasan Ali,v West Indies,Providence,-,TDNB
Haris Rauf,v India,Dubai (DSC),2,DNB
Mohammad Hafeez,v India,Dubai (DSC),2,DNB
Shadab Khan,v India,Dubai (DSC),2,DNB
Fakhar Zaman,v India,Dubai (DSC),2,DNB
Imad Wasim,v India,Dubai (DSC),2,DNB
Shaheen Shah Afridi,v India,Dubai (DSC),2,DNB
Shoaib Malik,v India,Dubai (DSC),2,DNB
Hasan Ali,v India,Dubai (DSC),2,DNB
Asif Ali,v India,Dubai (DSC),2,DNB
Shadab Khan,v New Zealand,Sharjah,2,DNB
Shaheen Shah Afridi,v New Zealand,Sharjah,2,DNB
Hasan Ali,v New Zealand,Sharjah,2,DNB
Haris Rauf,v New Zealand,Sharjah,2,DNB
Imad Wasim,v Afghanistan,Dubai (DSC),2,DNB
Shaheen Shah Afridi,v Afghanistan,Dubai (DSC),2,DNB
Hasan Ali,v Afghanistan,Dubai (DSC),2,DNB
Haris Rauf,v Afghanistan,Dubai (DSC),2,DNB
Imad Wasim,v Namibia,Abu Dhabi,1,DNB
Shaheen Shah Afridi,v Namibia,Abu Dhabi,1,DNB
Shoaib Malik,v Namibia,Abu Dhabi,1,DNB
Hasan Ali,v Namibia,Abu Dhabi,1,DNB
Asif Ali,v Namibia,Abu Dhabi,1,DNB
Haris Rauf,v Namibia,Abu Dhabi,1,DNB
Shadab Khan,v Namibia,Abu Dhabi,1,DNB
Hasan Ali,v Scotland,Sharjah,1,DNB
Haris Rauf,v Scotland,Sharjah,1,DNB
Shadab Khan,v Scotland,Sharjah,1,DNB
Imad Wasim,v Scotland,Sharjah,1,DNB
Shaheen Shah Afridi,v Scotland,Sharjah,1,DNB
Haris Rauf,v Australia,Dubai (DSC),1,DNB
Shadab Khan,v Australia,Dubai (DSC),1,DNB
Imad Wasim,v Australia,Dubai (DSC),1,DNB
Shaheen Shah Afridi,v Australia,Dubai (DSC),1,DNB
Hasan Ali,v Australia,Dubai (DSC),1,DNB
Haris Rauf,v Bangladesh,Mirpur,2,DNB
Hasan Ali,v Bangladesh,Mirpur,2,DNB
Mohammad Wasim (1),v Bangladesh,Mirpur,2,DNB
Shadab Khan,v Bangladesh,Mirpur,2,DNB
Shoaib Malik,v Bangladesh,Mirpur,2,DNB
Shaheen Shah Afridi,v Bangladesh,Mirpur,2,DNB
Khushdil Shah,v Bangladesh,Mirpur,2,DNB
Mohammad Nawaz (3),v Bangladesh,Mirpur,2,DNB
Mohammad Wasim (1),v Bangladesh,Mirpur,2,DNB
Haris Rauf,v Bangladesh,Mirpur,2,DNB
Mohammad Wasim (1),v Bangladesh,Mirpur,2,DNB
Haris Rauf,v Bangladesh,Mirpur,2,DNB
Shahnawaz Dahani,v Bangladesh,Mirpur,2,DNB
Usman Qadir,v Bangladesh,Mirpur,2,DNB
Shaheen Shah Afridi,v West Indies,Karachi,1,DNB
Mohammad Wasim (1),v West Indies,Karachi,1,DNB
Haris Rauf,v West Indies,Karachi,1,DNB
Shaheen Shah Afridi,v West Indies,Karachi,1,DNB
Mohammad Hasnain,v West Indies,Karachi,2,DNB
Shahnawaz Dahani,v West Indies,Karachi,2,DNB
Haider Ali,v West Indies,Karachi,2,DNB
Shadab Khan,v West Indies,Karachi,2,DNB
Mohammad Nawaz (3),v West Indies,Karachi,2,DNB
Mohammad Wasim (1),v West Indies,Karachi,2,DNB
Haris Rauf,v Australia,Lahore,1,DNB
Asif Ali,v Hong Kong,Sharjah,1,DNB
Mohammad Nawaz (3),v Hong Kong,Sharjah,1,DNB
Haris Rauf,v Hong Kong,Sharjah,1,DNB
Shadab Khan,v Hong Kong,Sharjah,1,DNB
Iftikhar Ahmed,v Hong Kong,Sharjah,1,DNB
Shahnawaz Dahani,v Hong Kong,Sharjah,1,DNB
Naseem Shah,v Hong Kong,Sharjah,1,DNB
Mohammad Hasnain,v India,Dubai (DSC),2,DNB
Shadab Khan,v India,Dubai (DSC),2,DNB
Haris Rauf,v India,Dubai (DSC),2,DNB
Naseem Shah,v India,Dubai (DSC),2,DNB
Shahnawaz Dahani,v England,Karachi,1,DNB
Haris Rauf,v England,Karachi,1,DNB
Usman Qadir,v England,Karachi,2,DNB
Haider Ali,v England,Karachi,2,DNB
Shan Masood,v England,Karachi,2,DNB
Mohammad Hasnain,v England,Karachi,2,DNB
Iftikhar Ahmed,v England,Karachi,2,DNB
Mohammad Nawaz (3),v England,Karachi,2,DNB
Shahnawaz Dahani,v England,Karachi,2,DNB
Haris Rauf,v England,Karachi,2,DNB
Khushdil Shah,v England,Karachi,2,DNB
Shahnawaz Dahani,v England,Karachi,2,DNB
Iftikhar Ahmed,v England,Karachi,1,DNB
Haris Rauf,v England,Karachi,1,DNB
Mohammad Hasnain,v England,Karachi,1,DNB
Mohammad Wasim (1),v England,Karachi,1,DNB
Usman Qadir,v England,Karachi,1,DNB
Aamer Jamal,v England,Lahore,1,DNB
Mohammad Wasim (1),v England,Lahore,1,DNB
Shadab Khan,v England,Lahore,1,DNB
Shahnawaz Dahani,v England,Lahore,1,DNB
Shadab Khan,v England,Lahore,2,DNB
Shadab Khan,v Bangladesh,Christchurch,1,DNB
Mohammad Wasim (1),v Bangladesh,Christchurch,1,DNB
Haris Rauf,v Bangladesh,Christchurch,1,DNB
Shahnawaz Dahani,v Bangladesh,Christchurch,1,DNB
Iftikhar Ahmed,v New Zealand,Christchurch,2,DNB
Mohammad Wasim (1),v New Zealand,Christchurch,2,DNB
Haris Rauf,v New Zealand,Christchurch,2,DNB
Asif Ali,v New Zealand,Christchurch,2,DNB
Shahnawaz Dahani,v New Zealand,Christchurch,2,DNB
Naseem Shah,v New Zealand,Christchurch,1,DNB
Shahnawaz Dahani,v New Zealand,Christchurch,1,DNB
Mohammad Wasim (1),v Bangladesh,Christchurch,2,DNB
Mohammad Hasnain,v Bangladesh,Christchurch,2,DNB
Shadab Khan,v Bangladesh,Christchurch,2,DNB
Iftikhar Ahmed,v Bangladesh,Christchurch,2,DNB
Shan Masood,v Bangladesh,Christchurch,2,DNB
Naseem Shah,v Bangladesh,Christchurch,2,DNB
Mohammad Wasim (1),v New Zealand,Christchurch,2,DNB
Haris Rauf,v New Zealand,Christchurch,2,DNB
Shadab Khan,v New Zealand,Christchurch,2,DNB
Naseem Shah,v New Zealand,Christchurch,2,DNB
Naseem Shah,v India,Melbourne,1,DNB
Naseem Shah,v Zimbabwe,Perth,2,DNB
Haris Rauf,v Zimbabwe,Perth,2,DNB
Haris Rauf,v Netherlands,Perth,2,DNB
Shaheen Shah Afridi,v Netherlands,Perth,2,DNB
Mohammad Nawaz (3),v Netherlands,Perth,2,DNB
Mohammad Wasim (1),v Netherlands,Perth,2,DNB
Naseem Shah,v Netherlands,Perth,2,DNB
Shaheen Shah Afridi,v South Africa,Sydney,1,DNB
Haris Rauf,v Bangladesh,Adelaide,2,DNB
Shaheen Shah Afridi,v Bangladesh,Adelaide,2,DNB
Mohammad Wasim (1),v Bangladesh,Adelaide,2,DNB
Naseem Shah,v Bangladesh,Adelaide,2,DNB
Haris Rauf,v New Zealand,Sydney,2,DNB
Shaheen Shah Afridi,v New Zealand,Sydney,2,DNB
Mohammad Wasim (1),v New Zealand,Sydney,2,DNB
Naseem Shah,v New Zealand,Sydney,2,DNB
Shadab Khan,v New Zealand,Sydney,2,DNB
Mohammad Nawaz (3),v New Zealand,Sydney,2,DNB
Naseem Shah,v England,Melbourne,1,DNB
Zaman Khan,v Afghanistan,Sharjah,1,DNB
Ihsanullah,v Afghanistan,Sharjah,1,DNB
Mohammad Nawaz (3),v Afghanistan,Sharjah,1,DNB
Naseem Shah,v Afghanistan,Sharjah,1,DNB
Zaman Khan,v Afghanistan,Sharjah,1,DNB
Ihsanullah,v Afghanistan,Sharjah,1,DNB
Zaman Khan,v New Zealand,Lahore,1,DNB
Shadab Khan,v New Zealand,Lahore,1,DNB
Haris Rauf,v New Zealand,Lahore,1,DNB
Shaheen Shah Afridi,v New Zealand,Lahore,1,DNB
Faheem Ashraf,v New Zealand,Lahore,1,DNB
Shadab Khan,v New Zealand,Rawalpindi,-,TDNB
Fakhar Zaman,v New Zealand,Rawalpindi,-,TDNB
Babar Azam,v New Zealand,Rawalpindi,-,TDNB
Haris Rauf,v New Zealand,Rawalpindi,-,TDNB
Imad Wasim,v New Zealand,Rawalpindi,-,TDNB
Shaheen Shah Afridi,v New Zealand,Rawalpindi,-,TDNB
Faheem Ashraf,v New Zealand,Rawalpindi,-,TDNB
Iftikhar Ahmed,v New Zealand,Rawalpindi,-,TDNB
Zaman Khan,v New Zealand,Rawalpindi,-,TDNB
Mohammad Rizwan,v New Zealand,Rawalpindi,-,TDNB
Saim Ayub,v New Zealand,Rawalpindi,-,TDNB
Shadab Khan,v New Zealand,Rawalpindi,1,DNB
Ihsanullah,v New Zealand,Rawalpindi,1,DNB
Haris Rauf,v New Zealand,Rawalpindi,1,DNB
Shaheen Shah Afridi,v New Zealand,Rawalpindi,1,DNB
